line,Trait,trait_value,Reference,# lines measured,Sex,Life_stage,Trait guild,Trait description,study_ID,Pooled,Trait_nice,Trait_ID
21,fitness.early.life.f,-0.6305971009782878,Wong and Holman (in prep),125,Female,Adult,Life history,"Mean number of L1 larvae produced by females aged 5-6 days over a 24h period. For each replicate measurement, 5 DGRP females were housed with standardised mates and opposite-sex competitors (15 males and 10 females, giving an overall population size of 30 and 1:1 sex ratio). Fitness was estimated on the latent scale from a generalised linear mixed model, and is scaled to have a mean of zero and unit variance.",114,No,Fitness early life (F),334
26,fitness.early.life.f,-1.2038737022312909,Wong and Holman (in prep),125,Female,Adult,Life history,"Mean number of L1 larvae produced by females aged 5-6 days over a 24h period. For each replicate measurement, 5 DGRP females were housed with standardised mates and opposite-sex competitors (15 males and 10 females, giving an overall population size of 30 and 1:1 sex ratio). Fitness was estimated on the latent scale from a generalised linear mixed model, and is scaled to have a mean of zero and unit variance.",114,No,Fitness early life (F),334
32,fitness.early.life.f,0.7793902921035033,Wong and Holman (in prep),125,Female,Adult,Life history,"Mean number of L1 larvae produced by females aged 5-6 days over a 24h period. For each replicate measurement, 5 DGRP females were housed with standardised mates and opposite-sex competitors (15 males and 10 females, giving an overall population size of 30 and 1:1 sex ratio). Fitness was estimated on the latent scale from a generalised linear mixed model, and is scaled to have a mean of zero and unit variance.",114,No,Fitness early life (F),334
40,fitness.early.life.f,-1.4868421028497714,Wong and Holman (in prep),125,Female,Adult,Life history,"Mean number of L1 larvae produced by females aged 5-6 days over a 24h period. For each replicate measurement, 5 DGRP females were housed with standardised mates and opposite-sex competitors (15 males and 10 females, giving an overall population size of 30 and 1:1 sex ratio). Fitness was estimated on the latent scale from a generalised linear mixed model, and is scaled to have a mean of zero and unit variance.",114,No,Fitness early life (F),334
45,fitness.early.life.f,1.6955168541058692,Wong and Holman (in prep),125,Female,Adult,Life history,"Mean number of L1 larvae produced by females aged 5-6 days over a 24h period. For each replicate measurement, 5 DGRP females were housed with standardised mates and opposite-sex competitors (15 males and 10 females, giving an overall population size of 30 and 1:1 sex ratio). Fitness was estimated on the latent scale from a generalised linear mixed model, and is scaled to have a mean of zero and unit variance.",114,No,Fitness early life (F),334
57,fitness.early.life.f,-0.6279940009725983,Wong and Holman (in prep),125,Female,Adult,Life history,"Mean number of L1 larvae produced by females aged 5-6 days over a 24h period. For each replicate measurement, 5 DGRP females were housed with standardised mates and opposite-sex competitors (15 males and 10 females, giving an overall population size of 30 and 1:1 sex ratio). Fitness was estimated on the latent scale from a generalised linear mixed model, and is scaled to have a mean of zero and unit variance.",114,No,Fitness early life (F),334
59,fitness.early.life.f,0.08708030059033028,Wong and Holman (in prep),125,Female,Adult,Life history,"Mean number of L1 larvae produced by females aged 5-6 days over a 24h period. For each replicate measurement, 5 DGRP females were housed with standardised mates and opposite-sex competitors (15 males and 10 females, giving an overall population size of 30 and 1:1 sex ratio). Fitness was estimated on the latent scale from a generalised linear mixed model, and is scaled to have a mean of zero and unit variance.",114,No,Fitness early life (F),334
75,fitness.early.life.f,1.1267097528626349,Wong and Holman (in prep),125,Female,Adult,Life history,"Mean number of L1 larvae produced by females aged 5-6 days over a 24h period. For each replicate measurement, 5 DGRP females were housed with standardised mates and opposite-sex competitors (15 males and 10 females, giving an overall population size of 30 and 1:1 sex ratio). Fitness was estimated on the latent scale from a generalised linear mixed model, and is scaled to have a mean of zero and unit variance.",114,No,Fitness early life (F),334
91,fitness.early.life.f,-0.7879926013223052,Wong and Holman (in prep),125,Female,Adult,Life history,"Mean number of L1 larvae produced by females aged 5-6 days over a 24h period. For each replicate measurement, 5 DGRP females were housed with standardised mates and opposite-sex competitors (15 males and 10 females, giving an overall population size of 30 and 1:1 sex ratio). Fitness was estimated on the latent scale from a generalised linear mixed model, and is scaled to have a mean of zero and unit variance.",114,No,Fitness early life (F),334
93,fitness.early.life.f,0.7818128321087982,Wong and Holman (in prep),125,Female,Adult,Life history,"Mean number of L1 larvae produced by females aged 5-6 days over a 24h period. For each replicate measurement, 5 DGRP females were housed with standardised mates and opposite-sex competitors (15 males and 10 females, giving an overall population size of 30 and 1:1 sex ratio). Fitness was estimated on the latent scale from a generalised linear mixed model, and is scaled to have a mean of zero and unit variance.",114,No,Fitness early life (F),334
109,fitness.early.life.f,1.5032630136856624,Wong and Holman (in prep),125,Female,Adult,Life history,"Mean number of L1 larvae produced by females aged 5-6 days over a 24h period. For each replicate measurement, 5 DGRP females were housed with standardised mates and opposite-sex competitors (15 males and 10 females, giving an overall population size of 30 and 1:1 sex ratio). Fitness was estimated on the latent scale from a generalised linear mixed model, and is scaled to have a mean of zero and unit variance.",114,No,Fitness early life (F),334
129,fitness.early.life.f,0.8739316423101411,Wong and Holman (in prep),125,Female,Adult,Life history,"Mean number of L1 larvae produced by females aged 5-6 days over a 24h period. For each replicate measurement, 5 DGRP females were housed with standardised mates and opposite-sex competitors (15 males and 10 females, giving an overall population size of 30 and 1:1 sex ratio). Fitness was estimated on the latent scale from a generalised linear mixed model, and is scaled to have a mean of zero and unit variance.",114,No,Fitness early life (F),334
136,fitness.early.life.f,0.49532021148261496,Wong and Holman (in prep),125,Female,Adult,Life history,"Mean number of L1 larvae produced by females aged 5-6 days over a 24h period. For each replicate measurement, 5 DGRP females were housed with standardised mates and opposite-sex competitors (15 males and 10 females, giving an overall population size of 30 and 1:1 sex ratio). Fitness was estimated on the latent scale from a generalised linear mixed model, and is scaled to have a mean of zero and unit variance.",114,No,Fitness early life (F),334
138,fitness.early.life.f,1.5384112637624854,Wong and Holman (in prep),125,Female,Adult,Life history,"Mean number of L1 larvae produced by females aged 5-6 days over a 24h period. For each replicate measurement, 5 DGRP females were housed with standardised mates and opposite-sex competitors (15 males and 10 females, giving an overall population size of 30 and 1:1 sex ratio). Fitness was estimated on the latent scale from a generalised linear mixed model, and is scaled to have a mean of zero and unit variance.",114,No,Fitness early life (F),334
142,fitness.early.life.f,-2.3579120047536573,Wong and Holman (in prep),125,Female,Adult,Life history,"Mean number of L1 larvae produced by females aged 5-6 days over a 24h period. For each replicate measurement, 5 DGRP females were housed with standardised mates and opposite-sex competitors (15 males and 10 females, giving an overall population size of 30 and 1:1 sex ratio). Fitness was estimated on the latent scale from a generalised linear mixed model, and is scaled to have a mean of zero and unit variance.",114,No,Fitness early life (F),334
153,fitness.early.life.f,0.30364927106368234,Wong and Holman (in prep),125,Female,Adult,Life history,"Mean number of L1 larvae produced by females aged 5-6 days over a 24h period. For each replicate measurement, 5 DGRP females were housed with standardised mates and opposite-sex competitors (15 males and 10 females, giving an overall population size of 30 and 1:1 sex ratio). Fitness was estimated on the latent scale from a generalised linear mixed model, and is scaled to have a mean of zero and unit variance.",114,No,Fitness early life (F),334
158,fitness.early.life.f,-0.1272674998781669,Wong and Holman (in prep),125,Female,Adult,Life history,"Mean number of L1 larvae produced by females aged 5-6 days over a 24h period. For each replicate measurement, 5 DGRP females were housed with standardised mates and opposite-sex competitors (15 males and 10 females, giving an overall population size of 30 and 1:1 sex ratio). Fitness was estimated on the latent scale from a generalised linear mixed model, and is scaled to have a mean of zero and unit variance.",114,No,Fitness early life (F),334
161,fitness.early.life.f,1.383536623423978,Wong and Holman (in prep),125,Female,Adult,Life history,"Mean number of L1 larvae produced by females aged 5-6 days over a 24h period. For each replicate measurement, 5 DGRP females were housed with standardised mates and opposite-sex competitors (15 males and 10 females, giving an overall population size of 30 and 1:1 sex ratio). Fitness was estimated on the latent scale from a generalised linear mixed model, and is scaled to have a mean of zero and unit variance.",114,No,Fitness early life (F),334
176,fitness.early.life.f,-0.07422989976224333,Wong and Holman (in prep),125,Female,Adult,Life history,"Mean number of L1 larvae produced by females aged 5-6 days over a 24h period. For each replicate measurement, 5 DGRP females were housed with standardised mates and opposite-sex competitors (15 males and 10 females, giving an overall population size of 30 and 1:1 sex ratio). Fitness was estimated on the latent scale from a generalised linear mixed model, and is scaled to have a mean of zero and unit variance.",114,No,Fitness early life (F),334
181,fitness.early.life.f,-0.10699279983385276,Wong and Holman (in prep),125,Female,Adult,Life history,"Mean number of L1 larvae produced by females aged 5-6 days over a 24h period. For each replicate measurement, 5 DGRP females were housed with standardised mates and opposite-sex competitors (15 males and 10 females, giving an overall population size of 30 and 1:1 sex ratio). Fitness was estimated on the latent scale from a generalised linear mixed model, and is scaled to have a mean of zero and unit variance.",114,No,Fitness early life (F),334
195,fitness.early.life.f,0.12558830067449672,Wong and Holman (in prep),125,Female,Adult,Life history,"Mean number of L1 larvae produced by females aged 5-6 days over a 24h period. For each replicate measurement, 5 DGRP females were housed with standardised mates and opposite-sex competitors (15 males and 10 females, giving an overall population size of 30 and 1:1 sex ratio). Fitness was estimated on the latent scale from a generalised linear mixed model, and is scaled to have a mean of zero and unit variance.",114,No,Fitness early life (F),334
208,fitness.early.life.f,-0.118995999860088,Wong and Holman (in prep),125,Female,Adult,Life history,"Mean number of L1 larvae produced by females aged 5-6 days over a 24h period. For each replicate measurement, 5 DGRP females were housed with standardised mates and opposite-sex competitors (15 males and 10 females, giving an overall population size of 30 and 1:1 sex ratio). Fitness was estimated on the latent scale from a generalised linear mixed model, and is scaled to have a mean of zero and unit variance.",114,No,Fitness early life (F),334
217,fitness.early.life.f,1.2022513330277451,Wong and Holman (in prep),125,Female,Adult,Life history,"Mean number of L1 larvae produced by females aged 5-6 days over a 24h period. For each replicate measurement, 5 DGRP females were housed with standardised mates and opposite-sex competitors (15 males and 10 females, giving an overall population size of 30 and 1:1 sex ratio). Fitness was estimated on the latent scale from a generalised linear mixed model, and is scaled to have a mean of zero and unit variance.",114,No,Fitness early life (F),334
228,fitness.early.life.f,0.7298088719951338,Wong and Holman (in prep),125,Female,Adult,Life history,"Mean number of L1 larvae produced by females aged 5-6 days over a 24h period. For each replicate measurement, 5 DGRP females were housed with standardised mates and opposite-sex competitors (15 males and 10 females, giving an overall population size of 30 and 1:1 sex ratio). Fitness was estimated on the latent scale from a generalised linear mixed model, and is scaled to have a mean of zero and unit variance.",114,No,Fitness early life (F),334
229,fitness.early.life.f,-0.13812139990189015,Wong and Holman (in prep),125,Female,Adult,Life history,"Mean number of L1 larvae produced by females aged 5-6 days over a 24h period. For each replicate measurement, 5 DGRP females were housed with standardised mates and opposite-sex competitors (15 males and 10 females, giving an overall population size of 30 and 1:1 sex ratio). Fitness was estimated on the latent scale from a generalised linear mixed model, and is scaled to have a mean of zero and unit variance.",114,No,Fitness early life (F),334
235,fitness.early.life.f,0.7152499619633125,Wong and Holman (in prep),125,Female,Adult,Life history,"Mean number of L1 larvae produced by females aged 5-6 days over a 24h period. For each replicate measurement, 5 DGRP females were housed with standardised mates and opposite-sex competitors (15 males and 10 females, giving an overall population size of 30 and 1:1 sex ratio). Fitness was estimated on the latent scale from a generalised linear mixed model, and is scaled to have a mean of zero and unit variance.",114,No,Fitness early life (F),334
237,fitness.early.life.f,0.6537155918288177,Wong and Holman (in prep),125,Female,Adult,Life history,"Mean number of L1 larvae produced by females aged 5-6 days over a 24h period. For each replicate measurement, 5 DGRP females were housed with standardised mates and opposite-sex competitors (15 males and 10 females, giving an overall population size of 30 and 1:1 sex ratio). Fitness was estimated on the latent scale from a generalised linear mixed model, and is scaled to have a mean of zero and unit variance.",114,No,Fitness early life (F),334
239,fitness.early.life.f,-0.35669150037961594,Wong and Holman (in prep),125,Female,Adult,Life history,"Mean number of L1 larvae produced by females aged 5-6 days over a 24h period. For each replicate measurement, 5 DGRP females were housed with standardised mates and opposite-sex competitors (15 males and 10 females, giving an overall population size of 30 and 1:1 sex ratio). Fitness was estimated on the latent scale from a generalised linear mixed model, and is scaled to have a mean of zero and unit variance.",114,No,Fitness early life (F),334
280,fitness.early.life.f,-1.0935746019902115,Wong and Holman (in prep),125,Female,Adult,Life history,"Mean number of L1 larvae produced by females aged 5-6 days over a 24h period. For each replicate measurement, 5 DGRP females were housed with standardised mates and opposite-sex competitors (15 males and 10 females, giving an overall population size of 30 and 1:1 sex ratio). Fitness was estimated on the latent scale from a generalised linear mixed model, and is scaled to have a mean of zero and unit variance.",114,No,Fitness early life (F),334
301,fitness.early.life.f,0.507801891509896,Wong and Holman (in prep),125,Female,Adult,Life history,"Mean number of L1 larvae produced by females aged 5-6 days over a 24h period. For each replicate measurement, 5 DGRP females were housed with standardised mates and opposite-sex competitors (15 males and 10 females, giving an overall population size of 30 and 1:1 sex ratio). Fitness was estimated on the latent scale from a generalised linear mixed model, and is scaled to have a mean of zero and unit variance.",114,No,Fitness early life (F),334
303,fitness.early.life.f,-0.20088360003906863,Wong and Holman (in prep),125,Female,Adult,Life history,"Mean number of L1 larvae produced by females aged 5-6 days over a 24h period. For each replicate measurement, 5 DGRP females were housed with standardised mates and opposite-sex competitors (15 males and 10 females, giving an overall population size of 30 and 1:1 sex ratio). Fitness was estimated on the latent scale from a generalised linear mixed model, and is scaled to have a mean of zero and unit variance.",114,No,Fitness early life (F),334
306,fitness.early.life.f,-0.13203209988858083,Wong and Holman (in prep),125,Female,Adult,Life history,"Mean number of L1 larvae produced by females aged 5-6 days over a 24h period. For each replicate measurement, 5 DGRP females were housed with standardised mates and opposite-sex competitors (15 males and 10 females, giving an overall population size of 30 and 1:1 sex ratio). Fitness was estimated on the latent scale from a generalised linear mixed model, and is scaled to have a mean of zero and unit variance.",114,No,Fitness early life (F),334
307,fitness.early.life.f,0.7401637320177663,Wong and Holman (in prep),125,Female,Adult,Life history,"Mean number of L1 larvae produced by females aged 5-6 days over a 24h period. For each replicate measurement, 5 DGRP females were housed with standardised mates and opposite-sex competitors (15 males and 10 females, giving an overall population size of 30 and 1:1 sex ratio). Fitness was estimated on the latent scale from a generalised linear mixed model, and is scaled to have a mean of zero and unit variance.",114,No,Fitness early life (F),334
309,fitness.early.life.f,0.6157956517459366,Wong and Holman (in prep),125,Female,Adult,Life history,"Mean number of L1 larvae produced by females aged 5-6 days over a 24h period. For each replicate measurement, 5 DGRP females were housed with standardised mates and opposite-sex competitors (15 males and 10 females, giving an overall population size of 30 and 1:1 sex ratio). Fitness was estimated on the latent scale from a generalised linear mixed model, and is scaled to have a mean of zero and unit variance.",114,No,Fitness early life (F),334
313,fitness.early.life.f,-0.5755552008579835,Wong and Holman (in prep),125,Female,Adult,Life history,"Mean number of L1 larvae produced by females aged 5-6 days over a 24h period. For each replicate measurement, 5 DGRP females were housed with standardised mates and opposite-sex competitors (15 males and 10 females, giving an overall population size of 30 and 1:1 sex ratio). Fitness was estimated on the latent scale from a generalised linear mixed model, and is scaled to have a mean of zero and unit variance.",114,No,Fitness early life (F),334
319,fitness.early.life.f,0.9145461523989116,Wong and Holman (in prep),125,Female,Adult,Life history,"Mean number of L1 larvae produced by females aged 5-6 days over a 24h period. For each replicate measurement, 5 DGRP females were housed with standardised mates and opposite-sex competitors (15 males and 10 females, giving an overall population size of 30 and 1:1 sex ratio). Fitness was estimated on the latent scale from a generalised linear mixed model, and is scaled to have a mean of zero and unit variance.",114,No,Fitness early life (F),334
320,fitness.early.life.f,0.5753707016575803,Wong and Holman (in prep),125,Female,Adult,Life history,"Mean number of L1 larvae produced by females aged 5-6 days over a 24h period. For each replicate measurement, 5 DGRP females were housed with standardised mates and opposite-sex competitors (15 males and 10 females, giving an overall population size of 30 and 1:1 sex ratio). Fitness was estimated on the latent scale from a generalised linear mixed model, and is scaled to have a mean of zero and unit variance.",114,No,Fitness early life (F),334
321,fitness.early.life.f,-0.6256334009674387,Wong and Holman (in prep),125,Female,Adult,Life history,"Mean number of L1 larvae produced by females aged 5-6 days over a 24h period. For each replicate measurement, 5 DGRP females were housed with standardised mates and opposite-sex competitors (15 males and 10 females, giving an overall population size of 30 and 1:1 sex ratio). Fitness was estimated on the latent scale from a generalised linear mixed model, and is scaled to have a mean of zero and unit variance.",114,No,Fitness early life (F),334
324,fitness.early.life.f,0.13206576068865442,Wong and Holman (in prep),125,Female,Adult,Life history,"Mean number of L1 larvae produced by females aged 5-6 days over a 24h period. For each replicate measurement, 5 DGRP females were housed with standardised mates and opposite-sex competitors (15 males and 10 females, giving an overall population size of 30 and 1:1 sex ratio). Fitness was estimated on the latent scale from a generalised linear mixed model, and is scaled to have a mean of zero and unit variance.",114,No,Fitness early life (F),334
332,fitness.early.life.f,-1.912654603780464,Wong and Holman (in prep),125,Female,Adult,Life history,"Mean number of L1 larvae produced by females aged 5-6 days over a 24h period. For each replicate measurement, 5 DGRP females were housed with standardised mates and opposite-sex competitors (15 males and 10 females, giving an overall population size of 30 and 1:1 sex ratio). Fitness was estimated on the latent scale from a generalised linear mixed model, and is scaled to have a mean of zero and unit variance.",114,No,Fitness early life (F),334
338,fitness.early.life.f,1.2196509030657752,Wong and Holman (in prep),125,Female,Adult,Life history,"Mean number of L1 larvae produced by females aged 5-6 days over a 24h period. For each replicate measurement, 5 DGRP females were housed with standardised mates and opposite-sex competitors (15 males and 10 females, giving an overall population size of 30 and 1:1 sex ratio). Fitness was estimated on the latent scale from a generalised linear mixed model, and is scaled to have a mean of zero and unit variance.",114,No,Fitness early life (F),334
350,fitness.early.life.f,-0.6093976009319524,Wong and Holman (in prep),125,Female,Adult,Life history,"Mean number of L1 larvae produced by females aged 5-6 days over a 24h period. For each replicate measurement, 5 DGRP females were housed with standardised mates and opposite-sex competitors (15 males and 10 females, giving an overall population size of 30 and 1:1 sex ratio). Fitness was estimated on the latent scale from a generalised linear mixed model, and is scaled to have a mean of zero and unit variance.",114,No,Fitness early life (F),334
352,fitness.early.life.f,-0.9802688017425608,Wong and Holman (in prep),125,Female,Adult,Life history,"Mean number of L1 larvae produced by females aged 5-6 days over a 24h period. For each replicate measurement, 5 DGRP females were housed with standardised mates and opposite-sex competitors (15 males and 10 females, giving an overall population size of 30 and 1:1 sex ratio). Fitness was estimated on the latent scale from a generalised linear mixed model, and is scaled to have a mean of zero and unit variance.",114,No,Fitness early life (F),334
354,fitness.early.life.f,-0.3500536003651076,Wong and Holman (in prep),125,Female,Adult,Life history,"Mean number of L1 larvae produced by females aged 5-6 days over a 24h period. For each replicate measurement, 5 DGRP females were housed with standardised mates and opposite-sex competitors (15 males and 10 females, giving an overall population size of 30 and 1:1 sex ratio). Fitness was estimated on the latent scale from a generalised linear mixed model, and is scaled to have a mean of zero and unit variance.",114,No,Fitness early life (F),334
356,fitness.early.life.f,-0.10533099983022058,Wong and Holman (in prep),125,Female,Adult,Life history,"Mean number of L1 larvae produced by females aged 5-6 days over a 24h period. For each replicate measurement, 5 DGRP females were housed with standardised mates and opposite-sex competitors (15 males and 10 females, giving an overall population size of 30 and 1:1 sex ratio). Fitness was estimated on the latent scale from a generalised linear mixed model, and is scaled to have a mean of zero and unit variance.",114,No,Fitness early life (F),334
357,fitness.early.life.f,0.35079599116673027,Wong and Holman (in prep),125,Female,Adult,Life history,"Mean number of L1 larvae produced by females aged 5-6 days over a 24h period. For each replicate measurement, 5 DGRP females were housed with standardised mates and opposite-sex competitors (15 males and 10 females, giving an overall population size of 30 and 1:1 sex ratio). Fitness was estimated on the latent scale from a generalised linear mixed model, and is scaled to have a mean of zero and unit variance.",114,No,Fitness early life (F),334
360,fitness.early.life.f,-0.1398039999055678,Wong and Holman (in prep),125,Female,Adult,Life history,"Mean number of L1 larvae produced by females aged 5-6 days over a 24h period. For each replicate measurement, 5 DGRP females were housed with standardised mates and opposite-sex competitors (15 males and 10 females, giving an overall population size of 30 and 1:1 sex ratio). Fitness was estimated on the latent scale from a generalised linear mixed model, and is scaled to have a mean of zero and unit variance.",114,No,Fitness early life (F),334
361,fitness.early.life.f,-0.3724405004140383,Wong and Holman (in prep),125,Female,Adult,Life history,"Mean number of L1 larvae produced by females aged 5-6 days over a 24h period. For each replicate measurement, 5 DGRP females were housed with standardised mates and opposite-sex competitors (15 males and 10 females, giving an overall population size of 30 and 1:1 sex ratio). Fitness was estimated on the latent scale from a generalised linear mixed model, and is scaled to have a mean of zero and unit variance.",114,No,Fitness early life (F),334
362,fitness.early.life.f,-0.18542050000527116,Wong and Holman (in prep),125,Female,Adult,Life history,"Mean number of L1 larvae produced by females aged 5-6 days over a 24h period. For each replicate measurement, 5 DGRP females were housed with standardised mates and opposite-sex competitors (15 males and 10 females, giving an overall population size of 30 and 1:1 sex ratio). Fitness was estimated on the latent scale from a generalised linear mixed model, and is scaled to have a mean of zero and unit variance.",114,No,Fitness early life (F),334
367,fitness.early.life.f,0.560681391625474,Wong and Holman (in prep),125,Female,Adult,Life history,"Mean number of L1 larvae produced by females aged 5-6 days over a 24h period. For each replicate measurement, 5 DGRP females were housed with standardised mates and opposite-sex competitors (15 males and 10 females, giving an overall population size of 30 and 1:1 sex ratio). Fitness was estimated on the latent scale from a generalised linear mixed model, and is scaled to have a mean of zero and unit variance.",114,No,Fitness early life (F),334
370,fitness.early.life.f,-0.6146818009435019,Wong and Holman (in prep),125,Female,Adult,Life history,"Mean number of L1 larvae produced by females aged 5-6 days over a 24h period. For each replicate measurement, 5 DGRP females were housed with standardised mates and opposite-sex competitors (15 males and 10 females, giving an overall population size of 30 and 1:1 sex ratio). Fitness was estimated on the latent scale from a generalised linear mixed model, and is scaled to have a mean of zero and unit variance.",114,No,Fitness early life (F),334
371,fitness.early.life.f,-0.2330319001093348,Wong and Holman (in prep),125,Female,Adult,Life history,"Mean number of L1 larvae produced by females aged 5-6 days over a 24h period. For each replicate measurement, 5 DGRP females were housed with standardised mates and opposite-sex competitors (15 males and 10 females, giving an overall population size of 30 and 1:1 sex ratio). Fitness was estimated on the latent scale from a generalised linear mixed model, and is scaled to have a mean of zero and unit variance.",114,No,Fitness early life (F),334
373,fitness.early.life.f,-0.08258039978049489,Wong and Holman (in prep),125,Female,Adult,Life history,"Mean number of L1 larvae produced by females aged 5-6 days over a 24h period. For each replicate measurement, 5 DGRP females were housed with standardised mates and opposite-sex competitors (15 males and 10 females, giving an overall population size of 30 and 1:1 sex ratio). Fitness was estimated on the latent scale from a generalised linear mixed model, and is scaled to have a mean of zero and unit variance.",114,No,Fitness early life (F),334
375,fitness.early.life.f,-0.14567429991839842,Wong and Holman (in prep),125,Female,Adult,Life history,"Mean number of L1 larvae produced by females aged 5-6 days over a 24h period. For each replicate measurement, 5 DGRP females were housed with standardised mates and opposite-sex competitors (15 males and 10 females, giving an overall population size of 30 and 1:1 sex ratio). Fitness was estimated on the latent scale from a generalised linear mixed model, and is scaled to have a mean of zero and unit variance.",114,No,Fitness early life (F),334
379,fitness.early.life.f,0.14343625071350674,Wong and Holman (in prep),125,Female,Adult,Life history,"Mean number of L1 larvae produced by females aged 5-6 days over a 24h period. For each replicate measurement, 5 DGRP females were housed with standardised mates and opposite-sex competitors (15 males and 10 females, giving an overall population size of 30 and 1:1 sex ratio). Fitness was estimated on the latent scale from a generalised linear mixed model, and is scaled to have a mean of zero and unit variance.",114,No,Fitness early life (F),334
380,fitness.early.life.f,1.0579033127122457,Wong and Holman (in prep),125,Female,Adult,Life history,"Mean number of L1 larvae produced by females aged 5-6 days over a 24h period. For each replicate measurement, 5 DGRP females were housed with standardised mates and opposite-sex competitors (15 males and 10 females, giving an overall population size of 30 and 1:1 sex ratio). Fitness was estimated on the latent scale from a generalised linear mixed model, and is scaled to have a mean of zero and unit variance.",114,No,Fitness early life (F),334
382,fitness.early.life.f,-1.7696659034679356,Wong and Holman (in prep),125,Female,Adult,Life history,"Mean number of L1 larvae produced by females aged 5-6 days over a 24h period. For each replicate measurement, 5 DGRP females were housed with standardised mates and opposite-sex competitors (15 males and 10 females, giving an overall population size of 30 and 1:1 sex ratio). Fitness was estimated on the latent scale from a generalised linear mixed model, and is scaled to have a mean of zero and unit variance.",114,No,Fitness early life (F),334
383,fitness.early.life.f,-0.4219091005221612,Wong and Holman (in prep),125,Female,Adult,Life history,"Mean number of L1 larvae produced by females aged 5-6 days over a 24h period. For each replicate measurement, 5 DGRP females were housed with standardised mates and opposite-sex competitors (15 males and 10 females, giving an overall population size of 30 and 1:1 sex ratio). Fitness was estimated on the latent scale from a generalised linear mixed model, and is scaled to have a mean of zero and unit variance.",114,No,Fitness early life (F),334
385,fitness.early.life.f,0.7534501620468063,Wong and Holman (in prep),125,Female,Adult,Life history,"Mean number of L1 larvae produced by females aged 5-6 days over a 24h period. For each replicate measurement, 5 DGRP females were housed with standardised mates and opposite-sex competitors (15 males and 10 females, giving an overall population size of 30 and 1:1 sex ratio). Fitness was estimated on the latent scale from a generalised linear mixed model, and is scaled to have a mean of zero and unit variance.",114,No,Fitness early life (F),334
391,fitness.early.life.f,-0.7186387011707192,Wong and Holman (in prep),125,Female,Adult,Life history,"Mean number of L1 larvae produced by females aged 5-6 days over a 24h period. For each replicate measurement, 5 DGRP females were housed with standardised mates and opposite-sex competitors (15 males and 10 females, giving an overall population size of 30 and 1:1 sex ratio). Fitness was estimated on the latent scale from a generalised linear mixed model, and is scaled to have a mean of zero and unit variance.",114,No,Fitness early life (F),334
392,fitness.early.life.f,0.5505938016034257,Wong and Holman (in prep),125,Female,Adult,Life history,"Mean number of L1 larvae produced by females aged 5-6 days over a 24h period. For each replicate measurement, 5 DGRP females were housed with standardised mates and opposite-sex competitors (15 males and 10 females, giving an overall population size of 30 and 1:1 sex ratio). Fitness was estimated on the latent scale from a generalised linear mixed model, and is scaled to have a mean of zero and unit variance.",114,No,Fitness early life (F),334
395,fitness.early.life.f,-0.10319869982556006,Wong and Holman (in prep),125,Female,Adult,Life history,"Mean number of L1 larvae produced by females aged 5-6 days over a 24h period. For each replicate measurement, 5 DGRP females were housed with standardised mates and opposite-sex competitors (15 males and 10 females, giving an overall population size of 30 and 1:1 sex ratio). Fitness was estimated on the latent scale from a generalised linear mixed model, and is scaled to have a mean of zero and unit variance.",114,No,Fitness early life (F),334
397,fitness.early.life.f,-4.390305909195835,Wong and Holman (in prep),125,Female,Adult,Life history,"Mean number of L1 larvae produced by females aged 5-6 days over a 24h period. For each replicate measurement, 5 DGRP females were housed with standardised mates and opposite-sex competitors (15 males and 10 females, giving an overall population size of 30 and 1:1 sex ratio). Fitness was estimated on the latent scale from a generalised linear mixed model, and is scaled to have a mean of zero and unit variance.",114,No,Fitness early life (F),334
399,fitness.early.life.f,-1.0366211018657292,Wong and Holman (in prep),125,Female,Adult,Life history,"Mean number of L1 larvae produced by females aged 5-6 days over a 24h period. For each replicate measurement, 5 DGRP females were housed with standardised mates and opposite-sex competitors (15 males and 10 females, giving an overall population size of 30 and 1:1 sex ratio). Fitness was estimated on the latent scale from a generalised linear mixed model, and is scaled to have a mean of zero and unit variance.",114,No,Fitness early life (F),334
405,fitness.early.life.f,0.868168662297545,Wong and Holman (in prep),125,Female,Adult,Life history,"Mean number of L1 larvae produced by females aged 5-6 days over a 24h period. For each replicate measurement, 5 DGRP females were housed with standardised mates and opposite-sex competitors (15 males and 10 females, giving an overall population size of 30 and 1:1 sex ratio). Fitness was estimated on the latent scale from a generalised linear mixed model, and is scaled to have a mean of zero and unit variance.",114,No,Fitness early life (F),334
406,fitness.early.life.f,-0.3486462003620314,Wong and Holman (in prep),125,Female,Adult,Life history,"Mean number of L1 larvae produced by females aged 5-6 days over a 24h period. For each replicate measurement, 5 DGRP females were housed with standardised mates and opposite-sex competitors (15 males and 10 females, giving an overall population size of 30 and 1:1 sex ratio). Fitness was estimated on the latent scale from a generalised linear mixed model, and is scaled to have a mean of zero and unit variance.",114,No,Fitness early life (F),334
427,fitness.early.life.f,0.1848483308040206,Wong and Holman (in prep),125,Female,Adult,Life history,"Mean number of L1 larvae produced by females aged 5-6 days over a 24h period. For each replicate measurement, 5 DGRP females were housed with standardised mates and opposite-sex competitors (15 males and 10 females, giving an overall population size of 30 and 1:1 sex ratio). Fitness was estimated on the latent scale from a generalised linear mixed model, and is scaled to have a mean of zero and unit variance.",114,No,Fitness early life (F),334
437,fitness.early.life.f,-2.0044406039810796,Wong and Holman (in prep),125,Female,Adult,Life history,"Mean number of L1 larvae produced by females aged 5-6 days over a 24h period. For each replicate measurement, 5 DGRP females were housed with standardised mates and opposite-sex competitors (15 males and 10 females, giving an overall population size of 30 and 1:1 sex ratio). Fitness was estimated on the latent scale from a generalised linear mixed model, and is scaled to have a mean of zero and unit variance.",114,No,Fitness early life (F),334
439,fitness.early.life.f,-0.29983740025535066,Wong and Holman (in prep),125,Female,Adult,Life history,"Mean number of L1 larvae produced by females aged 5-6 days over a 24h period. For each replicate measurement, 5 DGRP females were housed with standardised mates and opposite-sex competitors (15 males and 10 females, giving an overall population size of 30 and 1:1 sex ratio). Fitness was estimated on the latent scale from a generalised linear mixed model, and is scaled to have a mean of zero and unit variance.",114,No,Fitness early life (F),334
440,fitness.early.life.f,0.34474107115349606,Wong and Holman (in prep),125,Female,Adult,Life history,"Mean number of L1 larvae produced by females aged 5-6 days over a 24h period. For each replicate measurement, 5 DGRP females were housed with standardised mates and opposite-sex competitors (15 males and 10 females, giving an overall population size of 30 and 1:1 sex ratio). Fitness was estimated on the latent scale from a generalised linear mixed model, and is scaled to have a mean of zero and unit variance.",114,No,Fitness early life (F),334
441,fitness.early.life.f,0.03187682046967276,Wong and Holman (in prep),125,Female,Adult,Life history,"Mean number of L1 larvae produced by females aged 5-6 days over a 24h period. For each replicate measurement, 5 DGRP females were housed with standardised mates and opposite-sex competitors (15 males and 10 females, giving an overall population size of 30 and 1:1 sex ratio). Fitness was estimated on the latent scale from a generalised linear mixed model, and is scaled to have a mean of zero and unit variance.",114,No,Fitness early life (F),334
443,fitness.early.life.f,0.2763796410040794,Wong and Holman (in prep),125,Female,Adult,Life history,"Mean number of L1 larvae produced by females aged 5-6 days over a 24h period. For each replicate measurement, 5 DGRP females were housed with standardised mates and opposite-sex competitors (15 males and 10 females, giving an overall population size of 30 and 1:1 sex ratio). Fitness was estimated on the latent scale from a generalised linear mixed model, and is scaled to have a mean of zero and unit variance.",114,No,Fitness early life (F),334
461,fitness.early.life.f,-0.3721506004134047,Wong and Holman (in prep),125,Female,Adult,Life history,"Mean number of L1 larvae produced by females aged 5-6 days over a 24h period. For each replicate measurement, 5 DGRP females were housed with standardised mates and opposite-sex competitors (15 males and 10 females, giving an overall population size of 30 and 1:1 sex ratio). Fitness was estimated on the latent scale from a generalised linear mixed model, and is scaled to have a mean of zero and unit variance.",114,No,Fitness early life (F),334
486,fitness.early.life.f,-0.932930501639094,Wong and Holman (in prep),125,Female,Adult,Life history,"Mean number of L1 larvae produced by females aged 5-6 days over a 24h period. For each replicate measurement, 5 DGRP females were housed with standardised mates and opposite-sex competitors (15 males and 10 females, giving an overall population size of 30 and 1:1 sex ratio). Fitness was estimated on the latent scale from a generalised linear mixed model, and is scaled to have a mean of zero and unit variance.",114,No,Fitness early life (F),334
491,fitness.early.life.f,-1.6001350030973942,Wong and Holman (in prep),125,Female,Adult,Life history,"Mean number of L1 larvae produced by females aged 5-6 days over a 24h period. For each replicate measurement, 5 DGRP females were housed with standardised mates and opposite-sex competitors (15 males and 10 females, giving an overall population size of 30 and 1:1 sex ratio). Fitness was estimated on the latent scale from a generalised linear mixed model, and is scaled to have a mean of zero and unit variance.",114,No,Fitness early life (F),334
502,fitness.early.life.f,-0.22461370009093523,Wong and Holman (in prep),125,Female,Adult,Life history,"Mean number of L1 larvae produced by females aged 5-6 days over a 24h period. For each replicate measurement, 5 DGRP females were housed with standardised mates and opposite-sex competitors (15 males and 10 females, giving an overall population size of 30 and 1:1 sex ratio). Fitness was estimated on the latent scale from a generalised linear mixed model, and is scaled to have a mean of zero and unit variance.",114,No,Fitness early life (F),334
509,fitness.early.life.f,0.02017641044409933,Wong and Holman (in prep),125,Female,Adult,Life history,"Mean number of L1 larvae produced by females aged 5-6 days over a 24h period. For each replicate measurement, 5 DGRP females were housed with standardised mates and opposite-sex competitors (15 males and 10 females, giving an overall population size of 30 and 1:1 sex ratio). Fitness was estimated on the latent scale from a generalised linear mixed model, and is scaled to have a mean of zero and unit variance.",114,No,Fitness early life (F),334
513,fitness.early.life.f,0.02078708044543406,Wong and Holman (in prep),125,Female,Adult,Life history,"Mean number of L1 larvae produced by females aged 5-6 days over a 24h period. For each replicate measurement, 5 DGRP females were housed with standardised mates and opposite-sex competitors (15 males and 10 females, giving an overall population size of 30 and 1:1 sex ratio). Fitness was estimated on the latent scale from a generalised linear mixed model, and is scaled to have a mean of zero and unit variance.",114,No,Fitness early life (F),334
517,fitness.early.life.f,-0.3180165002950845,Wong and Holman (in prep),125,Female,Adult,Life history,"Mean number of L1 larvae produced by females aged 5-6 days over a 24h period. For each replicate measurement, 5 DGRP females were housed with standardised mates and opposite-sex competitors (15 males and 10 females, giving an overall population size of 30 and 1:1 sex ratio). Fitness was estimated on the latent scale from a generalised linear mixed model, and is scaled to have a mean of zero and unit variance.",114,No,Fitness early life (F),334
530,fitness.early.life.f,0.5487510515993981,Wong and Holman (in prep),125,Female,Adult,Life history,"Mean number of L1 larvae produced by females aged 5-6 days over a 24h period. For each replicate measurement, 5 DGRP females were housed with standardised mates and opposite-sex competitors (15 males and 10 females, giving an overall population size of 30 and 1:1 sex ratio). Fitness was estimated on the latent scale from a generalised linear mixed model, and is scaled to have a mean of zero and unit variance.",114,No,Fitness early life (F),334
531,fitness.early.life.f,-3.658742607596866,Wong and Holman (in prep),125,Female,Adult,Life history,"Mean number of L1 larvae produced by females aged 5-6 days over a 24h period. For each replicate measurement, 5 DGRP females were housed with standardised mates and opposite-sex competitors (15 males and 10 females, giving an overall population size of 30 and 1:1 sex ratio). Fitness was estimated on the latent scale from a generalised linear mixed model, and is scaled to have a mean of zero and unit variance.",114,No,Fitness early life (F),334
535,fitness.early.life.f,1.4058363034727182,Wong and Holman (in prep),125,Female,Adult,Life history,"Mean number of L1 larvae produced by females aged 5-6 days over a 24h period. For each replicate measurement, 5 DGRP females were housed with standardised mates and opposite-sex competitors (15 males and 10 females, giving an overall population size of 30 and 1:1 sex ratio). Fitness was estimated on the latent scale from a generalised linear mixed model, and is scaled to have a mean of zero and unit variance.",114,No,Fitness early life (F),334
584,fitness.early.life.f,1.2683043631721165,Wong and Holman (in prep),125,Female,Adult,Life history,"Mean number of L1 larvae produced by females aged 5-6 days over a 24h period. For each replicate measurement, 5 DGRP females were housed with standardised mates and opposite-sex competitors (15 males and 10 females, giving an overall population size of 30 and 1:1 sex ratio). Fitness was estimated on the latent scale from a generalised linear mixed model, and is scaled to have a mean of zero and unit variance.",114,No,Fitness early life (F),334
589,fitness.early.life.f,0.3634612511944126,Wong and Holman (in prep),125,Female,Adult,Life history,"Mean number of L1 larvae produced by females aged 5-6 days over a 24h period. For each replicate measurement, 5 DGRP females were housed with standardised mates and opposite-sex competitors (15 males and 10 females, giving an overall population size of 30 and 1:1 sex ratio). Fitness was estimated on the latent scale from a generalised linear mixed model, and is scaled to have a mean of zero and unit variance.",114,No,Fitness early life (F),334
596,fitness.early.life.f,0.8943485423547659,Wong and Holman (in prep),125,Female,Adult,Life history,"Mean number of L1 larvae produced by females aged 5-6 days over a 24h period. For each replicate measurement, 5 DGRP females were housed with standardised mates and opposite-sex competitors (15 males and 10 females, giving an overall population size of 30 and 1:1 sex ratio). Fitness was estimated on the latent scale from a generalised linear mixed model, and is scaled to have a mean of zero and unit variance.",114,No,Fitness early life (F),334
703,fitness.early.life.f,0.5464150815942924,Wong and Holman (in prep),125,Female,Adult,Life history,"Mean number of L1 larvae produced by females aged 5-6 days over a 24h period. For each replicate measurement, 5 DGRP females were housed with standardised mates and opposite-sex competitors (15 males and 10 females, giving an overall population size of 30 and 1:1 sex ratio). Fitness was estimated on the latent scale from a generalised linear mixed model, and is scaled to have a mean of zero and unit variance.",114,No,Fitness early life (F),334
705,fitness.early.life.f,-0.8225145013977593,Wong and Holman (in prep),125,Female,Adult,Life history,"Mean number of L1 larvae produced by females aged 5-6 days over a 24h period. For each replicate measurement, 5 DGRP females were housed with standardised mates and opposite-sex competitors (15 males and 10 females, giving an overall population size of 30 and 1:1 sex ratio). Fitness was estimated on the latent scale from a generalised linear mixed model, and is scaled to have a mean of zero and unit variance.",114,No,Fitness early life (F),334
707,fitness.early.life.f,-0.9579793016938428,Wong and Holman (in prep),125,Female,Adult,Life history,"Mean number of L1 larvae produced by females aged 5-6 days over a 24h period. For each replicate measurement, 5 DGRP females were housed with standardised mates and opposite-sex competitors (15 males and 10 females, giving an overall population size of 30 and 1:1 sex ratio). Fitness was estimated on the latent scale from a generalised linear mixed model, and is scaled to have a mean of zero and unit variance.",114,No,Fitness early life (F),334
712,fitness.early.life.f,1.4524804935746676,Wong and Holman (in prep),125,Female,Adult,Life history,"Mean number of L1 larvae produced by females aged 5-6 days over a 24h period. For each replicate measurement, 5 DGRP females were housed with standardised mates and opposite-sex competitors (15 males and 10 females, giving an overall population size of 30 and 1:1 sex ratio). Fitness was estimated on the latent scale from a generalised linear mixed model, and is scaled to have a mean of zero and unit variance.",114,No,Fitness early life (F),334
716,fitness.early.life.f,-1.827399003594122,Wong and Holman (in prep),125,Female,Adult,Life history,"Mean number of L1 larvae produced by females aged 5-6 days over a 24h period. For each replicate measurement, 5 DGRP females were housed with standardised mates and opposite-sex competitors (15 males and 10 females, giving an overall population size of 30 and 1:1 sex ratio). Fitness was estimated on the latent scale from a generalised linear mixed model, and is scaled to have a mean of zero and unit variance.",114,No,Fitness early life (F),334
721,fitness.early.life.f,-0.3419561003474089,Wong and Holman (in prep),125,Female,Adult,Life history,"Mean number of L1 larvae produced by females aged 5-6 days over a 24h period. For each replicate measurement, 5 DGRP females were housed with standardised mates and opposite-sex competitors (15 males and 10 females, giving an overall population size of 30 and 1:1 sex ratio). Fitness was estimated on the latent scale from a generalised linear mixed model, and is scaled to have a mean of zero and unit variance.",114,No,Fitness early life (F),334
732,fitness.early.life.f,-0.3670388004022319,Wong and Holman (in prep),125,Female,Adult,Life history,"Mean number of L1 larvae produced by females aged 5-6 days over a 24h period. For each replicate measurement, 5 DGRP females were housed with standardised mates and opposite-sex competitors (15 males and 10 females, giving an overall population size of 30 and 1:1 sex ratio). Fitness was estimated on the latent scale from a generalised linear mixed model, and is scaled to have a mean of zero and unit variance.",114,No,Fitness early life (F),334
738,fitness.early.life.f,1.299343853239959,Wong and Holman (in prep),125,Female,Adult,Life history,"Mean number of L1 larvae produced by females aged 5-6 days over a 24h period. For each replicate measurement, 5 DGRP females were housed with standardised mates and opposite-sex competitors (15 males and 10 females, giving an overall population size of 30 and 1:1 sex ratio). Fitness was estimated on the latent scale from a generalised linear mixed model, and is scaled to have a mean of zero and unit variance.",114,No,Fitness early life (F),334
748,fitness.early.life.f,1.3355010333189874,Wong and Holman (in prep),125,Female,Adult,Life history,"Mean number of L1 larvae produced by females aged 5-6 days over a 24h period. For each replicate measurement, 5 DGRP females were housed with standardised mates and opposite-sex competitors (15 males and 10 females, giving an overall population size of 30 and 1:1 sex ratio). Fitness was estimated on the latent scale from a generalised linear mixed model, and is scaled to have a mean of zero and unit variance.",114,No,Fitness early life (F),334
757,fitness.early.life.f,-1.0944858019922032,Wong and Holman (in prep),125,Female,Adult,Life history,"Mean number of L1 larvae produced by females aged 5-6 days over a 24h period. For each replicate measurement, 5 DGRP females were housed with standardised mates and opposite-sex competitors (15 males and 10 females, giving an overall population size of 30 and 1:1 sex ratio). Fitness was estimated on the latent scale from a generalised linear mixed model, and is scaled to have a mean of zero and unit variance.",114,No,Fitness early life (F),334
761,fitness.early.life.f,1.2660401731671675,Wong and Holman (in prep),125,Female,Adult,Life history,"Mean number of L1 larvae produced by females aged 5-6 days over a 24h period. For each replicate measurement, 5 DGRP females were housed with standardised mates and opposite-sex competitors (15 males and 10 females, giving an overall population size of 30 and 1:1 sex ratio). Fitness was estimated on the latent scale from a generalised linear mixed model, and is scaled to have a mean of zero and unit variance.",114,No,Fitness early life (F),334
765,fitness.early.life.f,0.5208375215383879,Wong and Holman (in prep),125,Female,Adult,Life history,"Mean number of L1 larvae produced by females aged 5-6 days over a 24h period. For each replicate measurement, 5 DGRP females were housed with standardised mates and opposite-sex competitors (15 males and 10 females, giving an overall population size of 30 and 1:1 sex ratio). Fitness was estimated on the latent scale from a generalised linear mixed model, and is scaled to have a mean of zero and unit variance.",114,No,Fitness early life (F),334
776,fitness.early.life.f,-0.6703296010651306,Wong and Holman (in prep),125,Female,Adult,Life history,"Mean number of L1 larvae produced by females aged 5-6 days over a 24h period. For each replicate measurement, 5 DGRP females were housed with standardised mates and opposite-sex competitors (15 males and 10 females, giving an overall population size of 30 and 1:1 sex ratio). Fitness was estimated on the latent scale from a generalised linear mixed model, and is scaled to have a mean of zero and unit variance.",114,No,Fitness early life (F),334
783,fitness.early.life.f,1.186120812992489,Wong and Holman (in prep),125,Female,Adult,Life history,"Mean number of L1 larvae produced by females aged 5-6 days over a 24h period. For each replicate measurement, 5 DGRP females were housed with standardised mates and opposite-sex competitors (15 males and 10 females, giving an overall population size of 30 and 1:1 sex ratio). Fitness was estimated on the latent scale from a generalised linear mixed model, and is scaled to have a mean of zero and unit variance.",114,No,Fitness early life (F),334
787,fitness.early.life.f,-0.1387565999032785,Wong and Holman (in prep),125,Female,Adult,Life history,"Mean number of L1 larvae produced by females aged 5-6 days over a 24h period. For each replicate measurement, 5 DGRP females were housed with standardised mates and opposite-sex competitors (15 males and 10 females, giving an overall population size of 30 and 1:1 sex ratio). Fitness was estimated on the latent scale from a generalised linear mixed model, and is scaled to have a mean of zero and unit variance.",114,No,Fitness early life (F),334
790,fitness.early.life.f,-1.1826820021849729,Wong and Holman (in prep),125,Female,Adult,Life history,"Mean number of L1 larvae produced by females aged 5-6 days over a 24h period. For each replicate measurement, 5 DGRP females were housed with standardised mates and opposite-sex competitors (15 males and 10 females, giving an overall population size of 30 and 1:1 sex ratio). Fitness was estimated on the latent scale from a generalised linear mixed model, and is scaled to have a mean of zero and unit variance.",114,No,Fitness early life (F),334
796,fitness.early.life.f,0.0817059305785836,Wong and Holman (in prep),125,Female,Adult,Life history,"Mean number of L1 larvae produced by females aged 5-6 days over a 24h period. For each replicate measurement, 5 DGRP females were housed with standardised mates and opposite-sex competitors (15 males and 10 females, giving an overall population size of 30 and 1:1 sex ratio). Fitness was estimated on the latent scale from a generalised linear mixed model, and is scaled to have a mean of zero and unit variance.",114,No,Fitness early life (F),334
801,fitness.early.life.f,0.8810045923256002,Wong and Holman (in prep),125,Female,Adult,Life history,"Mean number of L1 larvae produced by females aged 5-6 days over a 24h period. For each replicate measurement, 5 DGRP females were housed with standardised mates and opposite-sex competitors (15 males and 10 females, giving an overall population size of 30 and 1:1 sex ratio). Fitness was estimated on the latent scale from a generalised linear mixed model, and is scaled to have a mean of zero and unit variance.",114,No,Fitness early life (F),334
802,fitness.early.life.f,1.390566503439343,Wong and Holman (in prep),125,Female,Adult,Life history,"Mean number of L1 larvae produced by females aged 5-6 days over a 24h period. For each replicate measurement, 5 DGRP females were housed with standardised mates and opposite-sex competitors (15 males and 10 females, giving an overall population size of 30 and 1:1 sex ratio). Fitness was estimated on the latent scale from a generalised linear mixed model, and is scaled to have a mean of zero and unit variance.",114,No,Fitness early life (F),334
804,fitness.early.life.f,-0.06370109973923066,Wong and Holman (in prep),125,Female,Adult,Life history,"Mean number of L1 larvae produced by females aged 5-6 days over a 24h period. For each replicate measurement, 5 DGRP females were housed with standardised mates and opposite-sex competitors (15 males and 10 females, giving an overall population size of 30 and 1:1 sex ratio). Fitness was estimated on the latent scale from a generalised linear mixed model, and is scaled to have a mean of zero and unit variance.",114,No,Fitness early life (F),334
805,fitness.early.life.f,0.3556786911774023,Wong and Holman (in prep),125,Female,Adult,Life history,"Mean number of L1 larvae produced by females aged 5-6 days over a 24h period. For each replicate measurement, 5 DGRP females were housed with standardised mates and opposite-sex competitors (15 males and 10 females, giving an overall population size of 30 and 1:1 sex ratio). Fitness was estimated on the latent scale from a generalised linear mixed model, and is scaled to have a mean of zero and unit variance.",114,No,Fitness early life (F),334
808,fitness.early.life.f,0.16744945076599208,Wong and Holman (in prep),125,Female,Adult,Life history,"Mean number of L1 larvae produced by females aged 5-6 days over a 24h period. For each replicate measurement, 5 DGRP females were housed with standardised mates and opposite-sex competitors (15 males and 10 females, giving an overall population size of 30 and 1:1 sex ratio). Fitness was estimated on the latent scale from a generalised linear mixed model, and is scaled to have a mean of zero and unit variance.",114,No,Fitness early life (F),334
810,fitness.early.life.f,-0.20162030004067885,Wong and Holman (in prep),125,Female,Adult,Life history,"Mean number of L1 larvae produced by females aged 5-6 days over a 24h period. For each replicate measurement, 5 DGRP females were housed with standardised mates and opposite-sex competitors (15 males and 10 females, giving an overall population size of 30 and 1:1 sex ratio). Fitness was estimated on the latent scale from a generalised linear mixed model, and is scaled to have a mean of zero and unit variance.",114,No,Fitness early life (F),334
820,fitness.early.life.f,1.4153255734934589,Wong and Holman (in prep),125,Female,Adult,Life history,"Mean number of L1 larvae produced by females aged 5-6 days over a 24h period. For each replicate measurement, 5 DGRP females were housed with standardised mates and opposite-sex competitors (15 males and 10 females, giving an overall population size of 30 and 1:1 sex ratio). Fitness was estimated on the latent scale from a generalised linear mixed model, and is scaled to have a mean of zero and unit variance.",114,No,Fitness early life (F),334
821,fitness.early.life.f,-0.16764689996642362,Wong and Holman (in prep),125,Female,Adult,Life history,"Mean number of L1 larvae produced by females aged 5-6 days over a 24h period. For each replicate measurement, 5 DGRP females were housed with standardised mates and opposite-sex competitors (15 males and 10 females, giving an overall population size of 30 and 1:1 sex ratio). Fitness was estimated on the latent scale from a generalised linear mixed model, and is scaled to have a mean of zero and unit variance.",114,No,Fitness early life (F),334
832,fitness.early.life.f,-0.6402093009992971,Wong and Holman (in prep),125,Female,Adult,Life history,"Mean number of L1 larvae produced by females aged 5-6 days over a 24h period. For each replicate measurement, 5 DGRP females were housed with standardised mates and opposite-sex competitors (15 males and 10 females, giving an overall population size of 30 and 1:1 sex ratio). Fitness was estimated on the latent scale from a generalised linear mixed model, and is scaled to have a mean of zero and unit variance.",114,No,Fitness early life (F),334
837,fitness.early.life.f,-0.3538394003733822,Wong and Holman (in prep),125,Female,Adult,Life history,"Mean number of L1 larvae produced by females aged 5-6 days over a 24h period. For each replicate measurement, 5 DGRP females were housed with standardised mates and opposite-sex competitors (15 males and 10 females, giving an overall population size of 30 and 1:1 sex ratio). Fitness was estimated on the latent scale from a generalised linear mixed model, and is scaled to have a mean of zero and unit variance.",114,No,Fitness early life (F),334
843,fitness.early.life.f,-1.1166798020407125,Wong and Holman (in prep),125,Female,Adult,Life history,"Mean number of L1 larvae produced by females aged 5-6 days over a 24h period. For each replicate measurement, 5 DGRP females were housed with standardised mates and opposite-sex competitors (15 males and 10 females, giving an overall population size of 30 and 1:1 sex ratio). Fitness was estimated on the latent scale from a generalised linear mixed model, and is scaled to have a mean of zero and unit variance.",114,No,Fitness early life (F),334
850,fitness.early.life.f,0.54358591158810865,Wong and Holman (in prep),125,Female,Adult,Life history,"Mean number of L1 larvae produced by females aged 5-6 days over a 24h period. For each replicate measurement, 5 DGRP females were housed with standardised mates and opposite-sex competitors (15 males and 10 females, giving an overall population size of 30 and 1:1 sex ratio). Fitness was estimated on the latent scale from a generalised linear mixed model, and is scaled to have a mean of zero and unit variance.",114,No,Fitness early life (F),334
852,fitness.early.life.f,-0.16907409996954306,Wong and Holman (in prep),125,Female,Adult,Life history,"Mean number of L1 larvae produced by females aged 5-6 days over a 24h period. For each replicate measurement, 5 DGRP females were housed with standardised mates and opposite-sex competitors (15 males and 10 females, giving an overall population size of 30 and 1:1 sex ratio). Fitness was estimated on the latent scale from a generalised linear mixed model, and is scaled to have a mean of zero and unit variance.",114,No,Fitness early life (F),334
853,fitness.early.life.f,0.8911486023477718,Wong and Holman (in prep),125,Female,Adult,Life history,"Mean number of L1 larvae produced by females aged 5-6 days over a 24h period. For each replicate measurement, 5 DGRP females were housed with standardised mates and opposite-sex competitors (15 males and 10 females, giving an overall population size of 30 and 1:1 sex ratio). Fitness was estimated on the latent scale from a generalised linear mixed model, and is scaled to have a mean of zero and unit variance.",114,No,Fitness early life (F),334
859,fitness.early.life.f,0.23393410091130673,Wong and Holman (in prep),125,Female,Adult,Life history,"Mean number of L1 larvae produced by females aged 5-6 days over a 24h period. For each replicate measurement, 5 DGRP females were housed with standardised mates and opposite-sex competitors (15 males and 10 females, giving an overall population size of 30 and 1:1 sex ratio). Fitness was estimated on the latent scale from a generalised linear mixed model, and is scaled to have a mean of zero and unit variance.",114,No,Fitness early life (F),334
879,fitness.early.life.f,0.05194112051352704,Wong and Holman (in prep),125,Female,Adult,Life history,"Mean number of L1 larvae produced by females aged 5-6 days over a 24h period. For each replicate measurement, 5 DGRP females were housed with standardised mates and opposite-sex competitors (15 males and 10 females, giving an overall population size of 30 and 1:1 sex ratio). Fitness was estimated on the latent scale from a generalised linear mixed model, and is scaled to have a mean of zero and unit variance.",114,No,Fitness early life (F),334
882,fitness.early.life.f,-0.7307409011971708,Wong and Holman (in prep),125,Female,Adult,Life history,"Mean number of L1 larvae produced by females aged 5-6 days over a 24h period. For each replicate measurement, 5 DGRP females were housed with standardised mates and opposite-sex competitors (15 males and 10 females, giving an overall population size of 30 and 1:1 sex ratio). Fitness was estimated on the latent scale from a generalised linear mixed model, and is scaled to have a mean of zero and unit variance.",114,No,Fitness early life (F),334
897,fitness.early.life.f,-0.7111834011544242,Wong and Holman (in prep),125,Female,Adult,Life history,"Mean number of L1 larvae produced by females aged 5-6 days over a 24h period. For each replicate measurement, 5 DGRP females were housed with standardised mates and opposite-sex competitors (15 males and 10 females, giving an overall population size of 30 and 1:1 sex ratio). Fitness was estimated on the latent scale from a generalised linear mixed model, and is scaled to have a mean of zero and unit variance.",114,No,Fitness early life (F),334
900,fitness.early.life.f,1.408610253478781,Wong and Holman (in prep),125,Female,Adult,Life history,"Mean number of L1 larvae produced by females aged 5-6 days over a 24h period. For each replicate measurement, 5 DGRP females were housed with standardised mates and opposite-sex competitors (15 males and 10 females, giving an overall population size of 30 and 1:1 sex ratio). Fitness was estimated on the latent scale from a generalised linear mixed model, and is scaled to have a mean of zero and unit variance.",114,No,Fitness early life (F),334
907,fitness.early.life.f,0.7114076319549144,Wong and Holman (in prep),125,Female,Adult,Life history,"Mean number of L1 larvae produced by females aged 5-6 days over a 24h period. For each replicate measurement, 5 DGRP females were housed with standardised mates and opposite-sex competitors (15 males and 10 females, giving an overall population size of 30 and 1:1 sex ratio). Fitness was estimated on the latent scale from a generalised linear mixed model, and is scaled to have a mean of zero and unit variance.",114,No,Fitness early life (F),334
908,fitness.early.life.f,-0.3229378003058409,Wong and Holman (in prep),125,Female,Adult,Life history,"Mean number of L1 larvae produced by females aged 5-6 days over a 24h period. For each replicate measurement, 5 DGRP females were housed with standardised mates and opposite-sex competitors (15 males and 10 females, giving an overall population size of 30 and 1:1 sex ratio). Fitness was estimated on the latent scale from a generalised linear mixed model, and is scaled to have a mean of zero and unit variance.",114,No,Fitness early life (F),334
911,fitness.early.life.f,0.9889737625615872,Wong and Holman (in prep),125,Female,Adult,Life history,"Mean number of L1 larvae produced by females aged 5-6 days over a 24h period. For each replicate measurement, 5 DGRP females were housed with standardised mates and opposite-sex competitors (15 males and 10 females, giving an overall population size of 30 and 1:1 sex ratio). Fitness was estimated on the latent scale from a generalised linear mixed model, and is scaled to have a mean of zero and unit variance.",114,No,Fitness early life (F),334
913,fitness.early.life.f,1.3839133334248013,Wong and Holman (in prep),125,Female,Adult,Life history,"Mean number of L1 larvae produced by females aged 5-6 days over a 24h period. For each replicate measurement, 5 DGRP females were housed with standardised mates and opposite-sex competitors (15 males and 10 females, giving an overall population size of 30 and 1:1 sex ratio). Fitness was estimated on the latent scale from a generalised linear mixed model, and is scaled to have a mean of zero and unit variance.",114,No,Fitness early life (F),334
21,fitness.early.life.m,-0.7750289975671213,Wong and Holman (in prep),124,Male,Adult,Life history,"Mean number of L1 larvae sired by males in competition for matings/fertilisations with same-aged competitor males over 3 days, beginning when all males were aged 2-3 days. For each replicate measurement, 5 DGRP males were housed with standardised mates and opposite-sex competitors (15 females and 10 males, giving an overall population size of 30 and 1:1 sex ratio). Fitness was estimated on the latent scale from a generalised linear mixed model, and is scaled to have a mean of zero and unit variance.",114,No,Fitness early life (M),335
26,fitness.early.life.m,-1.8286691954656544,Wong and Holman (in prep),124,Male,Adult,Life history,"Mean number of L1 larvae sired by males in competition for matings/fertilisations with same-aged competitor males over 3 days, beginning when all males were aged 2-3 days. For each replicate measurement, 5 DGRP males were housed with standardised mates and opposite-sex competitors (15 females and 10 males, giving an overall population size of 30 and 1:1 sex ratio). Fitness was estimated on the latent scale from a generalised linear mixed model, and is scaled to have a mean of zero and unit variance.",114,No,Fitness early life (M),335
32,fitness.early.life.m,0.2472627203939356,Wong and Holman (in prep),124,Male,Adult,Life history,"Mean number of L1 larvae sired by males in competition for matings/fertilisations with same-aged competitor males over 3 days, beginning when all males were aged 2-3 days. For each replicate measurement, 5 DGRP males were housed with standardised mates and opposite-sex competitors (15 females and 10 males, giving an overall population size of 30 and 1:1 sex ratio). Fitness was estimated on the latent scale from a generalised linear mixed model, and is scaled to have a mean of zero and unit variance.",114,No,Fitness early life (M),335
40,fitness.early.life.m,0.938393119015488,Wong and Holman (in prep),124,Male,Adult,Life history,"Mean number of L1 larvae sired by males in competition for matings/fertilisations with same-aged competitor males over 3 days, beginning when all males were aged 2-3 days. For each replicate measurement, 5 DGRP males were housed with standardised mates and opposite-sex competitors (15 females and 10 males, giving an overall population size of 30 and 1:1 sex ratio). Fitness was estimated on the latent scale from a generalised linear mixed model, and is scaled to have a mean of zero and unit variance.",114,No,Fitness early life (M),335
45,fitness.early.life.m,-0.7244166976680668,Wong and Holman (in prep),124,Male,Adult,Life history,"Mean number of L1 larvae sired by males in competition for matings/fertilisations with same-aged competitor males over 3 days, beginning when all males were aged 2-3 days. For each replicate measurement, 5 DGRP males were housed with standardised mates and opposite-sex competitors (15 females and 10 males, giving an overall population size of 30 and 1:1 sex ratio). Fitness was estimated on the latent scale from a generalised linear mixed model, and is scaled to have a mean of zero and unit variance.",114,No,Fitness early life (M),335
57,fitness.early.life.m,0.28416318032033827,Wong and Holman (in prep),124,Male,Adult,Life history,"Mean number of L1 larvae sired by males in competition for matings/fertilisations with same-aged competitor males over 3 days, beginning when all males were aged 2-3 days. For each replicate measurement, 5 DGRP males were housed with standardised mates and opposite-sex competitors (15 females and 10 males, giving an overall population size of 30 and 1:1 sex ratio). Fitness was estimated on the latent scale from a generalised linear mixed model, and is scaled to have a mean of zero and unit variance.",114,No,Fitness early life (M),335
59,fitness.early.life.m,1.02129085885015,Wong and Holman (in prep),124,Male,Adult,Life history,"Mean number of L1 larvae sired by males in competition for matings/fertilisations with same-aged competitor males over 3 days, beginning when all males were aged 2-3 days. For each replicate measurement, 5 DGRP males were housed with standardised mates and opposite-sex competitors (15 females and 10 males, giving an overall population size of 30 and 1:1 sex ratio). Fitness was estimated on the latent scale from a generalised linear mixed model, and is scaled to have a mean of zero and unit variance.",114,No,Fitness early life (M),335
75,fitness.early.life.m,0.23081288042674453,Wong and Holman (in prep),124,Male,Adult,Life history,"Mean number of L1 larvae sired by males in competition for matings/fertilisations with same-aged competitor males over 3 days, beginning when all males were aged 2-3 days. For each replicate measurement, 5 DGRP males were housed with standardised mates and opposite-sex competitors (15 females and 10 males, giving an overall population size of 30 and 1:1 sex ratio). Fitness was estimated on the latent scale from a generalised linear mixed model, and is scaled to have a mean of zero and unit variance.",114,No,Fitness early life (M),335
91,fitness.early.life.m,-0.11230679888890926,Wong and Holman (in prep),124,Male,Adult,Life history,"Mean number of L1 larvae sired by males in competition for matings/fertilisations with same-aged competitor males over 3 days, beginning when all males were aged 2-3 days. For each replicate measurement, 5 DGRP males were housed with standardised mates and opposite-sex competitors (15 females and 10 males, giving an overall population size of 30 and 1:1 sex ratio). Fitness was estimated on the latent scale from a generalised linear mixed model, and is scaled to have a mean of zero and unit variance.",114,No,Fitness early life (M),335
93,fitness.early.life.m,1.35011804819431,Wong and Holman (in prep),124,Male,Adult,Life history,"Mean number of L1 larvae sired by males in competition for matings/fertilisations with same-aged competitor males over 3 days, beginning when all males were aged 2-3 days. For each replicate measurement, 5 DGRP males were housed with standardised mates and opposite-sex competitors (15 females and 10 males, giving an overall population size of 30 and 1:1 sex ratio). Fitness was estimated on the latent scale from a generalised linear mixed model, and is scaled to have a mean of zero and unit variance.",114,No,Fitness early life (M),335
109,fitness.early.life.m,0.834686559222329,Wong and Holman (in prep),124,Male,Adult,Life history,"Mean number of L1 larvae sired by males in competition for matings/fertilisations with same-aged competitor males over 3 days, beginning when all males were aged 2-3 days. For each replicate measurement, 5 DGRP males were housed with standardised mates and opposite-sex competitors (15 females and 10 males, giving an overall population size of 30 and 1:1 sex ratio). Fitness was estimated on the latent scale from a generalised linear mixed model, and is scaled to have a mean of zero and unit variance.",114,No,Fitness early life (M),335
129,fitness.early.life.m,1.12789497863753,Wong and Holman (in prep),124,Male,Adult,Life history,"Mean number of L1 larvae sired by males in competition for matings/fertilisations with same-aged competitor males over 3 days, beginning when all males were aged 2-3 days. For each replicate measurement, 5 DGRP males were housed with standardised mates and opposite-sex competitors (15 females and 10 males, giving an overall population size of 30 and 1:1 sex ratio). Fitness was estimated on the latent scale from a generalised linear mixed model, and is scaled to have a mean of zero and unit variance.",114,No,Fitness early life (M),335
136,fitness.early.life.m,0.4319935900254931,Wong and Holman (in prep),124,Male,Adult,Life history,"Mean number of L1 larvae sired by males in competition for matings/fertilisations with same-aged competitor males over 3 days, beginning when all males were aged 2-3 days. For each replicate measurement, 5 DGRP males were housed with standardised mates and opposite-sex competitors (15 females and 10 males, giving an overall population size of 30 and 1:1 sex ratio). Fitness was estimated on the latent scale from a generalised linear mixed model, and is scaled to have a mean of zero and unit variance.",114,No,Fitness early life (M),335
138,fitness.early.life.m,2.6107068356800873,Wong and Holman (in prep),124,Male,Adult,Life history,"Mean number of L1 larvae sired by males in competition for matings/fertilisations with same-aged competitor males over 3 days, beginning when all males were aged 2-3 days. For each replicate measurement, 5 DGRP males were housed with standardised mates and opposite-sex competitors (15 females and 10 males, giving an overall population size of 30 and 1:1 sex ratio). Fitness was estimated on the latent scale from a generalised linear mixed model, and is scaled to have a mean of zero and unit variance.",114,No,Fitness early life (M),335
142,fitness.early.life.m,-0.26480699858475026,Wong and Holman (in prep),124,Male,Adult,Life history,"Mean number of L1 larvae sired by males in competition for matings/fertilisations with same-aged competitor males over 3 days, beginning when all males were aged 2-3 days. For each replicate measurement, 5 DGRP males were housed with standardised mates and opposite-sex competitors (15 females and 10 males, giving an overall population size of 30 and 1:1 sex ratio). Fitness was estimated on the latent scale from a generalised linear mixed model, and is scaled to have a mean of zero and unit variance.",114,No,Fitness early life (M),335
153,fitness.early.life.m,-0.23497489864424984,Wong and Holman (in prep),124,Male,Adult,Life history,"Mean number of L1 larvae sired by males in competition for matings/fertilisations with same-aged competitor males over 3 days, beginning when all males were aged 2-3 days. For each replicate measurement, 5 DGRP males were housed with standardised mates and opposite-sex competitors (15 females and 10 males, giving an overall population size of 30 and 1:1 sex ratio). Fitness was estimated on the latent scale from a generalised linear mixed model, and is scaled to have a mean of zero and unit variance.",114,No,Fitness early life (M),335
158,fitness.early.life.m,-0.7583317976004237,Wong and Holman (in prep),124,Male,Adult,Life history,"Mean number of L1 larvae sired by males in competition for matings/fertilisations with same-aged competitor males over 3 days, beginning when all males were aged 2-3 days. For each replicate measurement, 5 DGRP males were housed with standardised mates and opposite-sex competitors (15 females and 10 males, giving an overall population size of 30 and 1:1 sex ratio). Fitness was estimated on the latent scale from a generalised linear mixed model, and is scaled to have a mean of zero and unit variance.",114,No,Fitness early life (M),335
161,fitness.early.life.m,0.22972668042891092,Wong and Holman (in prep),124,Male,Adult,Life history,"Mean number of L1 larvae sired by males in competition for matings/fertilisations with same-aged competitor males over 3 days, beginning when all males were aged 2-3 days. For each replicate measurement, 5 DGRP males were housed with standardised mates and opposite-sex competitors (15 females and 10 males, giving an overall population size of 30 and 1:1 sex ratio). Fitness was estimated on the latent scale from a generalised linear mixed model, and is scaled to have a mean of zero and unit variance.",114,No,Fitness early life (M),335
176,fitness.early.life.m,-2.0112113951015775,Wong and Holman (in prep),124,Male,Adult,Life history,"Mean number of L1 larvae sired by males in competition for matings/fertilisations with same-aged competitor males over 3 days, beginning when all males were aged 2-3 days. For each replicate measurement, 5 DGRP males were housed with standardised mates and opposite-sex competitors (15 females and 10 males, giving an overall population size of 30 and 1:1 sex ratio). Fitness was estimated on the latent scale from a generalised linear mixed model, and is scaled to have a mean of zero and unit variance.",114,No,Fitness early life (M),335
181,fitness.early.life.m,-0.255590198603133,Wong and Holman (in prep),124,Male,Adult,Life history,"Mean number of L1 larvae sired by males in competition for matings/fertilisations with same-aged competitor males over 3 days, beginning when all males were aged 2-3 days. For each replicate measurement, 5 DGRP males were housed with standardised mates and opposite-sex competitors (15 females and 10 males, giving an overall population size of 30 and 1:1 sex ratio). Fitness was estimated on the latent scale from a generalised linear mixed model, and is scaled to have a mean of zero and unit variance.",114,No,Fitness early life (M),335
195,fitness.early.life.m,-0.47461679816628827,Wong and Holman (in prep),124,Male,Adult,Life history,"Mean number of L1 larvae sired by males in competition for matings/fertilisations with same-aged competitor males over 3 days, beginning when all males were aged 2-3 days. For each replicate measurement, 5 DGRP males were housed with standardised mates and opposite-sex competitors (15 females and 10 males, giving an overall population size of 30 and 1:1 sex ratio). Fitness was estimated on the latent scale from a generalised linear mixed model, and is scaled to have a mean of zero and unit variance.",114,No,Fitness early life (M),335
208,fitness.early.life.m,0.770320499350706,Wong and Holman (in prep),124,Male,Adult,Life history,"Mean number of L1 larvae sired by males in competition for matings/fertilisations with same-aged competitor males over 3 days, beginning when all males were aged 2-3 days. For each replicate measurement, 5 DGRP males were housed with standardised mates and opposite-sex competitors (15 females and 10 males, giving an overall population size of 30 and 1:1 sex ratio). Fitness was estimated on the latent scale from a generalised linear mixed model, and is scaled to have a mean of zero and unit variance.",114,No,Fitness early life (M),335
217,fitness.early.life.m,-0.3926066983298559,Wong and Holman (in prep),124,Male,Adult,Life history,"Mean number of L1 larvae sired by males in competition for matings/fertilisations with same-aged competitor males over 3 days, beginning when all males were aged 2-3 days. For each replicate measurement, 5 DGRP males were housed with standardised mates and opposite-sex competitors (15 females and 10 males, giving an overall population size of 30 and 1:1 sex ratio). Fitness was estimated on the latent scale from a generalised linear mixed model, and is scaled to have a mean of zero and unit variance.",114,No,Fitness early life (M),335
228,fitness.early.life.m,-1.2311896966573168,Wong and Holman (in prep),124,Male,Adult,Life history,"Mean number of L1 larvae sired by males in competition for matings/fertilisations with same-aged competitor males over 3 days, beginning when all males were aged 2-3 days. For each replicate measurement, 5 DGRP males were housed with standardised mates and opposite-sex competitors (15 females and 10 males, giving an overall population size of 30 and 1:1 sex ratio). Fitness was estimated on the latent scale from a generalised linear mixed model, and is scaled to have a mean of zero and unit variance.",114,No,Fitness early life (M),335
229,fitness.early.life.m,-1.651895695818226,Wong and Holman (in prep),124,Male,Adult,Life history,"Mean number of L1 larvae sired by males in competition for matings/fertilisations with same-aged competitor males over 3 days, beginning when all males were aged 2-3 days. For each replicate measurement, 5 DGRP males were housed with standardised mates and opposite-sex competitors (15 females and 10 males, giving an overall population size of 30 and 1:1 sex ratio). Fitness was estimated on the latent scale from a generalised linear mixed model, and is scaled to have a mean of zero and unit variance.",114,No,Fitness early life (M),335
235,fitness.early.life.m,0.869348249153197,Wong and Holman (in prep),124,Male,Adult,Life history,"Mean number of L1 larvae sired by males in competition for matings/fertilisations with same-aged competitor males over 3 days, beginning when all males were aged 2-3 days. For each replicate measurement, 5 DGRP males were housed with standardised mates and opposite-sex competitors (15 females and 10 males, giving an overall population size of 30 and 1:1 sex ratio). Fitness was estimated on the latent scale from a generalised linear mixed model, and is scaled to have a mean of zero and unit variance.",114,No,Fitness early life (M),335
237,fitness.early.life.m,0.06306967076130542,Wong and Holman (in prep),124,Male,Adult,Life history,"Mean number of L1 larvae sired by males in competition for matings/fertilisations with same-aged competitor males over 3 days, beginning when all males were aged 2-3 days. For each replicate measurement, 5 DGRP males were housed with standardised mates and opposite-sex competitors (15 females and 10 males, giving an overall population size of 30 and 1:1 sex ratio). Fitness was estimated on the latent scale from a generalised linear mixed model, and is scaled to have a mean of zero and unit variance.",114,No,Fitness early life (M),335
239,fitness.early.life.m,-1.1770235967653502,Wong and Holman (in prep),124,Male,Adult,Life history,"Mean number of L1 larvae sired by males in competition for matings/fertilisations with same-aged competitor males over 3 days, beginning when all males were aged 2-3 days. For each replicate measurement, 5 DGRP males were housed with standardised mates and opposite-sex competitors (15 females and 10 males, giving an overall population size of 30 and 1:1 sex ratio). Fitness was estimated on the latent scale from a generalised linear mixed model, and is scaled to have a mean of zero and unit variance.",114,No,Fitness early life (M),335
280,fitness.early.life.m,-1.3152738964896122,Wong and Holman (in prep),124,Male,Adult,Life history,"Mean number of L1 larvae sired by males in competition for matings/fertilisations with same-aged competitor males over 3 days, beginning when all males were aged 2-3 days. For each replicate measurement, 5 DGRP males were housed with standardised mates and opposite-sex competitors (15 females and 10 males, giving an overall population size of 30 and 1:1 sex ratio). Fitness was estimated on the latent scale from a generalised linear mixed model, and is scaled to have a mean of zero and unit variance.",114,No,Fitness early life (M),335
301,fitness.early.life.m,1.661173587573915,Wong and Holman (in prep),124,Male,Adult,Life history,"Mean number of L1 larvae sired by males in competition for matings/fertilisations with same-aged competitor males over 3 days, beginning when all males were aged 2-3 days. For each replicate measurement, 5 DGRP males were housed with standardised mates and opposite-sex competitors (15 females and 10 males, giving an overall population size of 30 and 1:1 sex ratio). Fitness was estimated on the latent scale from a generalised linear mixed model, and is scaled to have a mean of zero and unit variance.",114,No,Fitness early life (M),335
303,fitness.early.life.m,-0.3280461984586208,Wong and Holman (in prep),124,Male,Adult,Life history,"Mean number of L1 larvae sired by males in competition for matings/fertilisations with same-aged competitor males over 3 days, beginning when all males were aged 2-3 days. For each replicate measurement, 5 DGRP males were housed with standardised mates and opposite-sex competitors (15 females and 10 males, giving an overall population size of 30 and 1:1 sex ratio). Fitness was estimated on the latent scale from a generalised linear mixed model, and is scaled to have a mean of zero and unit variance.",114,No,Fitness early life (M),335
306,fitness.early.life.m,-1.8052955955122725,Wong and Holman (in prep),124,Male,Adult,Life history,"Mean number of L1 larvae sired by males in competition for matings/fertilisations with same-aged competitor males over 3 days, beginning when all males were aged 2-3 days. For each replicate measurement, 5 DGRP males were housed with standardised mates and opposite-sex competitors (15 females and 10 males, giving an overall population size of 30 and 1:1 sex ratio). Fitness was estimated on the latent scale from a generalised linear mixed model, and is scaled to have a mean of zero and unit variance.",114,No,Fitness early life (M),335
307,fitness.early.life.m,0.5075302498748364,Wong and Holman (in prep),124,Male,Adult,Life history,"Mean number of L1 larvae sired by males in competition for matings/fertilisations with same-aged competitor males over 3 days, beginning when all males were aged 2-3 days. For each replicate measurement, 5 DGRP males were housed with standardised mates and opposite-sex competitors (15 females and 10 males, giving an overall population size of 30 and 1:1 sex ratio). Fitness was estimated on the latent scale from a generalised linear mixed model, and is scaled to have a mean of zero and unit variance.",114,No,Fitness early life (M),335
309,fitness.early.life.m,-0.8122992974927864,Wong and Holman (in prep),124,Male,Adult,Life history,"Mean number of L1 larvae sired by males in competition for matings/fertilisations with same-aged competitor males over 3 days, beginning when all males were aged 2-3 days. For each replicate measurement, 5 DGRP males were housed with standardised mates and opposite-sex competitors (15 females and 10 males, giving an overall population size of 30 and 1:1 sex ratio). Fitness was estimated on the latent scale from a generalised linear mixed model, and is scaled to have a mean of zero and unit variance.",114,No,Fitness early life (M),335
313,fitness.early.life.m,0.37744848013428234,Wong and Holman (in prep),124,Male,Adult,Life history,"Mean number of L1 larvae sired by males in competition for matings/fertilisations with same-aged competitor males over 3 days, beginning when all males were aged 2-3 days. For each replicate measurement, 5 DGRP males were housed with standardised mates and opposite-sex competitors (15 females and 10 males, giving an overall population size of 30 and 1:1 sex ratio). Fitness was estimated on the latent scale from a generalised linear mixed model, and is scaled to have a mean of zero and unit variance.",114,No,Fitness early life (M),335
319,fitness.early.life.m,-0.05371409900577138,Wong and Holman (in prep),124,Male,Adult,Life history,"Mean number of L1 larvae sired by males in competition for matings/fertilisations with same-aged competitor males over 3 days, beginning when all males were aged 2-3 days. For each replicate measurement, 5 DGRP males were housed with standardised mates and opposite-sex competitors (15 females and 10 males, giving an overall population size of 30 and 1:1 sex ratio). Fitness was estimated on the latent scale from a generalised linear mixed model, and is scaled to have a mean of zero and unit variance.",114,No,Fitness early life (M),335
320,fitness.early.life.m,0.5636475397629115,Wong and Holman (in prep),124,Male,Adult,Life history,"Mean number of L1 larvae sired by males in competition for matings/fertilisations with same-aged competitor males over 3 days, beginning when all males were aged 2-3 days. For each replicate measurement, 5 DGRP males were housed with standardised mates and opposite-sex competitors (15 females and 10 males, giving an overall population size of 30 and 1:1 sex ratio). Fitness was estimated on the latent scale from a generalised linear mixed model, and is scaled to have a mean of zero and unit variance.",114,No,Fitness early life (M),335
321,fitness.early.life.m,-0.08314659894706877,Wong and Holman (in prep),124,Male,Adult,Life history,"Mean number of L1 larvae sired by males in competition for matings/fertilisations with same-aged competitor males over 3 days, beginning when all males were aged 2-3 days. For each replicate measurement, 5 DGRP males were housed with standardised mates and opposite-sex competitors (15 females and 10 males, giving an overall population size of 30 and 1:1 sex ratio). Fitness was estimated on the latent scale from a generalised linear mixed model, and is scaled to have a mean of zero and unit variance.",114,No,Fitness early life (M),335
324,fitness.early.life.m,1.2513477783913054,Wong and Holman (in prep),124,Male,Adult,Life history,"Mean number of L1 larvae sired by males in competition for matings/fertilisations with same-aged competitor males over 3 days, beginning when all males were aged 2-3 days. For each replicate measurement, 5 DGRP males were housed with standardised mates and opposite-sex competitors (15 females and 10 males, giving an overall population size of 30 and 1:1 sex ratio). Fitness was estimated on the latent scale from a generalised linear mixed model, and is scaled to have a mean of zero and unit variance.",114,No,Fitness early life (M),335
332,fitness.early.life.m,-1.5309869960593765,Wong and Holman (in prep),124,Male,Adult,Life history,"Mean number of L1 larvae sired by males in competition for matings/fertilisations with same-aged competitor males over 3 days, beginning when all males were aged 2-3 days. For each replicate measurement, 5 DGRP males were housed with standardised mates and opposite-sex competitors (15 females and 10 males, giving an overall population size of 30 and 1:1 sex ratio). Fitness was estimated on the latent scale from a generalised linear mixed model, and is scaled to have a mean of zero and unit variance.",114,No,Fitness early life (M),335
338,fitness.early.life.m,0.7679769493553802,Wong and Holman (in prep),124,Male,Adult,Life history,"Mean number of L1 larvae sired by males in competition for matings/fertilisations with same-aged competitor males over 3 days, beginning when all males were aged 2-3 days. For each replicate measurement, 5 DGRP males were housed with standardised mates and opposite-sex competitors (15 females and 10 males, giving an overall population size of 30 and 1:1 sex ratio). Fitness was estimated on the latent scale from a generalised linear mixed model, and is scaled to have a mean of zero and unit variance.",114,No,Fitness early life (M),335
350,fitness.early.life.m,0.31727745025429244,Wong and Holman (in prep),124,Male,Adult,Life history,"Mean number of L1 larvae sired by males in competition for matings/fertilisations with same-aged competitor males over 3 days, beginning when all males were aged 2-3 days. For each replicate measurement, 5 DGRP males were housed with standardised mates and opposite-sex competitors (15 females and 10 males, giving an overall population size of 30 and 1:1 sex ratio). Fitness was estimated on the latent scale from a generalised linear mixed model, and is scaled to have a mean of zero and unit variance.",114,No,Fitness early life (M),335
352,fitness.early.life.m,0.7901263693112034,Wong and Holman (in prep),124,Male,Adult,Life history,"Mean number of L1 larvae sired by males in competition for matings/fertilisations with same-aged competitor males over 3 days, beginning when all males were aged 2-3 days. For each replicate measurement, 5 DGRP males were housed with standardised mates and opposite-sex competitors (15 females and 10 males, giving an overall population size of 30 and 1:1 sex ratio). Fitness was estimated on the latent scale from a generalised linear mixed model, and is scaled to have a mean of zero and unit variance.",114,No,Fitness early life (M),335
356,fitness.early.life.m,-0.5606411979947141,Wong and Holman (in prep),124,Male,Adult,Life history,"Mean number of L1 larvae sired by males in competition for matings/fertilisations with same-aged competitor males over 3 days, beginning when all males were aged 2-3 days. For each replicate measurement, 5 DGRP males were housed with standardised mates and opposite-sex competitors (15 females and 10 males, giving an overall population size of 30 and 1:1 sex ratio). Fitness was estimated on the latent scale from a generalised linear mixed model, and is scaled to have a mean of zero and unit variance.",114,No,Fitness early life (M),335
357,fitness.early.life.m,-1.3118797964963818,Wong and Holman (in prep),124,Male,Adult,Life history,"Mean number of L1 larvae sired by males in competition for matings/fertilisations with same-aged competitor males over 3 days, beginning when all males were aged 2-3 days. For each replicate measurement, 5 DGRP males were housed with standardised mates and opposite-sex competitors (15 females and 10 males, giving an overall population size of 30 and 1:1 sex ratio). Fitness was estimated on the latent scale from a generalised linear mixed model, and is scaled to have a mean of zero and unit variance.",114,No,Fitness early life (M),335
360,fitness.early.life.m,-1.3897395963410917,Wong and Holman (in prep),124,Male,Adult,Life history,"Mean number of L1 larvae sired by males in competition for matings/fertilisations with same-aged competitor males over 3 days, beginning when all males were aged 2-3 days. For each replicate measurement, 5 DGRP males were housed with standardised mates and opposite-sex competitors (15 females and 10 males, giving an overall population size of 30 and 1:1 sex ratio). Fitness was estimated on the latent scale from a generalised linear mixed model, and is scaled to have a mean of zero and unit variance.",114,No,Fitness early life (M),335
361,fitness.early.life.m,-0.8098444974976825,Wong and Holman (in prep),124,Male,Adult,Life history,"Mean number of L1 larvae sired by males in competition for matings/fertilisations with same-aged competitor males over 3 days, beginning when all males were aged 2-3 days. For each replicate measurement, 5 DGRP males were housed with standardised mates and opposite-sex competitors (15 females and 10 males, giving an overall population size of 30 and 1:1 sex ratio). Fitness was estimated on the latent scale from a generalised linear mixed model, and is scaled to have a mean of zero and unit variance.",114,No,Fitness early life (M),335
362,fitness.early.life.m,1.1825828885284555,Wong and Holman (in prep),124,Male,Adult,Life history,"Mean number of L1 larvae sired by males in competition for matings/fertilisations with same-aged competitor males over 3 days, beginning when all males were aged 2-3 days. For each replicate measurement, 5 DGRP males were housed with standardised mates and opposite-sex competitors (15 females and 10 males, giving an overall population size of 30 and 1:1 sex ratio). Fitness was estimated on the latent scale from a generalised linear mixed model, and is scaled to have a mean of zero and unit variance.",114,No,Fitness early life (M),335
367,fitness.early.life.m,-2.1282561948681336,Wong and Holman (in prep),124,Male,Adult,Life history,"Mean number of L1 larvae sired by males in competition for matings/fertilisations with same-aged competitor males over 3 days, beginning when all males were aged 2-3 days. For each replicate measurement, 5 DGRP males were housed with standardised mates and opposite-sex competitors (15 females and 10 males, giving an overall population size of 30 and 1:1 sex ratio). Fitness was estimated on the latent scale from a generalised linear mixed model, and is scaled to have a mean of zero and unit variance.",114,No,Fitness early life (M),335
370,fitness.early.life.m,0.8708452991502111,Wong and Holman (in prep),124,Male,Adult,Life history,"Mean number of L1 larvae sired by males in competition for matings/fertilisations with same-aged competitor males over 3 days, beginning when all males were aged 2-3 days. For each replicate measurement, 5 DGRP males were housed with standardised mates and opposite-sex competitors (15 females and 10 males, giving an overall population size of 30 and 1:1 sex ratio). Fitness was estimated on the latent scale from a generalised linear mixed model, and is scaled to have a mean of zero and unit variance.",114,No,Fitness early life (M),335
371,fitness.early.life.m,1.8855919971263164,Wong and Holman (in prep),124,Male,Adult,Life history,"Mean number of L1 larvae sired by males in competition for matings/fertilisations with same-aged competitor males over 3 days, beginning when all males were aged 2-3 days. For each replicate measurement, 5 DGRP males were housed with standardised mates and opposite-sex competitors (15 females and 10 males, giving an overall population size of 30 and 1:1 sex ratio). Fitness was estimated on the latent scale from a generalised linear mixed model, and is scaled to have a mean of zero and unit variance.",114,No,Fitness early life (M),335
373,fitness.early.life.m,-0.7689514975792427,Wong and Holman (in prep),124,Male,Adult,Life history,"Mean number of L1 larvae sired by males in competition for matings/fertilisations with same-aged competitor males over 3 days, beginning when all males were aged 2-3 days. For each replicate measurement, 5 DGRP males were housed with standardised mates and opposite-sex competitors (15 females and 10 males, giving an overall population size of 30 and 1:1 sex ratio). Fitness was estimated on the latent scale from a generalised linear mixed model, and is scaled to have a mean of zero and unit variance.",114,No,Fitness early life (M),335
375,fitness.early.life.m,0.5847151297208927,Wong and Holman (in prep),124,Male,Adult,Life history,"Mean number of L1 larvae sired by males in competition for matings/fertilisations with same-aged competitor males over 3 days, beginning when all males were aged 2-3 days. For each replicate measurement, 5 DGRP males were housed with standardised mates and opposite-sex competitors (15 females and 10 males, giving an overall population size of 30 and 1:1 sex ratio). Fitness was estimated on the latent scale from a generalised linear mixed model, and is scaled to have a mean of zero and unit variance.",114,No,Fitness early life (M),335
379,fitness.early.life.m,0.330742300227437,Wong and Holman (in prep),124,Male,Adult,Life history,"Mean number of L1 larvae sired by males in competition for matings/fertilisations with same-aged competitor males over 3 days, beginning when all males were aged 2-3 days. For each replicate measurement, 5 DGRP males were housed with standardised mates and opposite-sex competitors (15 females and 10 males, giving an overall population size of 30 and 1:1 sex ratio). Fitness was estimated on the latent scale from a generalised linear mixed model, and is scaled to have a mean of zero and unit variance.",114,No,Fitness early life (M),335
380,fitness.early.life.m,0.537272169815517,Wong and Holman (in prep),124,Male,Adult,Life history,"Mean number of L1 larvae sired by males in competition for matings/fertilisations with same-aged competitor males over 3 days, beginning when all males were aged 2-3 days. For each replicate measurement, 5 DGRP males were housed with standardised mates and opposite-sex competitors (15 females and 10 males, giving an overall population size of 30 and 1:1 sex ratio). Fitness was estimated on the latent scale from a generalised linear mixed model, and is scaled to have a mean of zero and unit variance.",114,No,Fitness early life (M),335
382,fitness.early.life.m,-0.00802439909689869,Wong and Holman (in prep),124,Male,Adult,Life history,"Mean number of L1 larvae sired by males in competition for matings/fertilisations with same-aged competitor males over 3 days, beginning when all males were aged 2-3 days. For each replicate measurement, 5 DGRP males were housed with standardised mates and opposite-sex competitors (15 females and 10 males, giving an overall population size of 30 and 1:1 sex ratio). Fitness was estimated on the latent scale from a generalised linear mixed model, and is scaled to have a mean of zero and unit variance.",114,No,Fitness early life (M),335
383,fitness.early.life.m,0.18190592052428856,Wong and Holman (in prep),124,Male,Adult,Life history,"Mean number of L1 larvae sired by males in competition for matings/fertilisations with same-aged competitor males over 3 days, beginning when all males were aged 2-3 days. For each replicate measurement, 5 DGRP males were housed with standardised mates and opposite-sex competitors (15 females and 10 males, giving an overall population size of 30 and 1:1 sex ratio). Fitness was estimated on the latent scale from a generalised linear mixed model, and is scaled to have a mean of zero and unit variance.",114,No,Fitness early life (M),335
385,fitness.early.life.m,-1.120674696877737,Wong and Holman (in prep),124,Male,Adult,Life history,"Mean number of L1 larvae sired by males in competition for matings/fertilisations with same-aged competitor males over 3 days, beginning when all males were aged 2-3 days. For each replicate measurement, 5 DGRP males were housed with standardised mates and opposite-sex competitors (15 females and 10 males, giving an overall population size of 30 and 1:1 sex ratio). Fitness was estimated on the latent scale from a generalised linear mixed model, and is scaled to have a mean of zero and unit variance.",114,No,Fitness early life (M),335
391,fitness.early.life.m,-0.9139386972900684,Wong and Holman (in prep),124,Male,Adult,Life history,"Mean number of L1 larvae sired by males in competition for matings/fertilisations with same-aged competitor males over 3 days, beginning when all males were aged 2-3 days. For each replicate measurement, 5 DGRP males were housed with standardised mates and opposite-sex competitors (15 females and 10 males, giving an overall population size of 30 and 1:1 sex ratio). Fitness was estimated on the latent scale from a generalised linear mixed model, and is scaled to have a mean of zero and unit variance.",114,No,Fitness early life (M),335
392,fitness.early.life.m,-0.14491209882387854,Wong and Holman (in prep),124,Male,Adult,Life history,"Mean number of L1 larvae sired by males in competition for matings/fertilisations with same-aged competitor males over 3 days, beginning when all males were aged 2-3 days. For each replicate measurement, 5 DGRP males were housed with standardised mates and opposite-sex competitors (15 females and 10 males, giving an overall population size of 30 and 1:1 sex ratio). Fitness was estimated on the latent scale from a generalised linear mixed model, and is scaled to have a mean of zero and unit variance.",114,No,Fitness early life (M),335
395,fitness.early.life.m,0.9648849489626504,Wong and Holman (in prep),124,Male,Adult,Life history,"Mean number of L1 larvae sired by males in competition for matings/fertilisations with same-aged competitor males over 3 days, beginning when all males were aged 2-3 days. For each replicate measurement, 5 DGRP males were housed with standardised mates and opposite-sex competitors (15 females and 10 males, giving an overall population size of 30 and 1:1 sex ratio). Fitness was estimated on the latent scale from a generalised linear mixed model, and is scaled to have a mean of zero and unit variance.",114,No,Fitness early life (M),335
397,fitness.early.life.m,-0.6222291978718779,Wong and Holman (in prep),124,Male,Adult,Life history,"Mean number of L1 larvae sired by males in competition for matings/fertilisations with same-aged competitor males over 3 days, beginning when all males were aged 2-3 days. For each replicate measurement, 5 DGRP males were housed with standardised mates and opposite-sex competitors (15 females and 10 males, giving an overall population size of 30 and 1:1 sex ratio). Fitness was estimated on the latent scale from a generalised linear mixed model, and is scaled to have a mean of zero and unit variance.",114,No,Fitness early life (M),335
399,fitness.early.life.m,0.4696623199503635,Wong and Holman (in prep),124,Male,Adult,Life history,"Mean number of L1 larvae sired by males in competition for matings/fertilisations with same-aged competitor males over 3 days, beginning when all males were aged 2-3 days. For each replicate measurement, 5 DGRP males were housed with standardised mates and opposite-sex competitors (15 females and 10 males, giving an overall population size of 30 and 1:1 sex ratio). Fitness was estimated on the latent scale from a generalised linear mixed model, and is scaled to have a mean of zero and unit variance.",114,No,Fitness early life (M),335
405,fitness.early.life.m,0.7637246993638612,Wong and Holman (in prep),124,Male,Adult,Life history,"Mean number of L1 larvae sired by males in competition for matings/fertilisations with same-aged competitor males over 3 days, beginning when all males were aged 2-3 days. For each replicate measurement, 5 DGRP males were housed with standardised mates and opposite-sex competitors (15 females and 10 males, giving an overall population size of 30 and 1:1 sex ratio). Fitness was estimated on the latent scale from a generalised linear mixed model, and is scaled to have a mean of zero and unit variance.",114,No,Fitness early life (M),335
406,fitness.early.life.m,-1.216059396687494,Wong and Holman (in prep),124,Male,Adult,Life history,"Mean number of L1 larvae sired by males in competition for matings/fertilisations with same-aged competitor males over 3 days, beginning when all males were aged 2-3 days. For each replicate measurement, 5 DGRP males were housed with standardised mates and opposite-sex competitors (15 females and 10 males, giving an overall population size of 30 and 1:1 sex ratio). Fitness was estimated on the latent scale from a generalised linear mixed model, and is scaled to have a mean of zero and unit variance.",114,No,Fitness early life (M),335
427,fitness.early.life.m,-0.9018588973141616,Wong and Holman (in prep),124,Male,Adult,Life history,"Mean number of L1 larvae sired by males in competition for matings/fertilisations with same-aged competitor males over 3 days, beginning when all males were aged 2-3 days. For each replicate measurement, 5 DGRP males were housed with standardised mates and opposite-sex competitors (15 females and 10 males, giving an overall population size of 30 and 1:1 sex ratio). Fitness was estimated on the latent scale from a generalised linear mixed model, and is scaled to have a mean of zero and unit variance.",114,No,Fitness early life (M),335
437,fitness.early.life.m,-0.0915271989303538,Wong and Holman (in prep),124,Male,Adult,Life history,"Mean number of L1 larvae sired by males in competition for matings/fertilisations with same-aged competitor males over 3 days, beginning when all males were aged 2-3 days. For each replicate measurement, 5 DGRP males were housed with standardised mates and opposite-sex competitors (15 females and 10 males, giving an overall population size of 30 and 1:1 sex ratio). Fitness was estimated on the latent scale from a generalised linear mixed model, and is scaled to have a mean of zero and unit variance.",114,No,Fitness early life (M),335
439,fitness.early.life.m,-0.08247419894840986,Wong and Holman (in prep),124,Male,Adult,Life history,"Mean number of L1 larvae sired by males in competition for matings/fertilisations with same-aged competitor males over 3 days, beginning when all males were aged 2-3 days. For each replicate measurement, 5 DGRP males were housed with standardised mates and opposite-sex competitors (15 females and 10 males, giving an overall population size of 30 and 1:1 sex ratio). Fitness was estimated on the latent scale from a generalised linear mixed model, and is scaled to have a mean of zero and unit variance.",114,No,Fitness early life (M),335
440,fitness.early.life.m,0.9757183489410436,Wong and Holman (in prep),124,Male,Adult,Life history,"Mean number of L1 larvae sired by males in competition for matings/fertilisations with same-aged competitor males over 3 days, beginning when all males were aged 2-3 days. For each replicate measurement, 5 DGRP males were housed with standardised mates and opposite-sex competitors (15 females and 10 males, giving an overall population size of 30 and 1:1 sex ratio). Fitness was estimated on the latent scale from a generalised linear mixed model, and is scaled to have a mean of zero and unit variance.",114,No,Fitness early life (M),335
441,fitness.early.life.m,1.392323508110132,Wong and Holman (in prep),124,Male,Adult,Life history,"Mean number of L1 larvae sired by males in competition for matings/fertilisations with same-aged competitor males over 3 days, beginning when all males were aged 2-3 days. For each replicate measurement, 5 DGRP males were housed with standardised mates and opposite-sex competitors (15 females and 10 males, giving an overall population size of 30 and 1:1 sex ratio). Fitness was estimated on the latent scale from a generalised linear mixed model, and is scaled to have a mean of zero and unit variance.",114,No,Fitness early life (M),335
443,fitness.early.life.m,0.3583074101724589,Wong and Holman (in prep),124,Male,Adult,Life history,"Mean number of L1 larvae sired by males in competition for matings/fertilisations with same-aged competitor males over 3 days, beginning when all males were aged 2-3 days. For each replicate measurement, 5 DGRP males were housed with standardised mates and opposite-sex competitors (15 females and 10 males, giving an overall population size of 30 and 1:1 sex ratio). Fitness was estimated on the latent scale from a generalised linear mixed model, and is scaled to have a mean of zero and unit variance.",114,No,Fitness early life (M),335
461,fitness.early.life.m,-0.29986949851481876,Wong and Holman (in prep),124,Male,Adult,Life history,"Mean number of L1 larvae sired by males in competition for matings/fertilisations with same-aged competitor males over 3 days, beginning when all males were aged 2-3 days. For each replicate measurement, 5 DGRP males were housed with standardised mates and opposite-sex competitors (15 females and 10 males, giving an overall population size of 30 and 1:1 sex ratio). Fitness was estimated on the latent scale from a generalised linear mixed model, and is scaled to have a mean of zero and unit variance.",114,No,Fitness early life (M),335
486,fitness.early.life.m,1.2623352183693912,Wong and Holman (in prep),124,Male,Adult,Life history,"Mean number of L1 larvae sired by males in competition for matings/fertilisations with same-aged competitor males over 3 days, beginning when all males were aged 2-3 days. For each replicate measurement, 5 DGRP males were housed with standardised mates and opposite-sex competitors (15 females and 10 males, giving an overall population size of 30 and 1:1 sex ratio). Fitness was estimated on the latent scale from a generalised linear mixed model, and is scaled to have a mean of zero and unit variance.",114,No,Fitness early life (M),335
491,fitness.early.life.m,0.29499726029872986,Wong and Holman (in prep),124,Male,Adult,Life history,"Mean number of L1 larvae sired by males in competition for matings/fertilisations with same-aged competitor males over 3 days, beginning when all males were aged 2-3 days. For each replicate measurement, 5 DGRP males were housed with standardised mates and opposite-sex competitors (15 females and 10 males, giving an overall population size of 30 and 1:1 sex ratio). Fitness was estimated on the latent scale from a generalised linear mixed model, and is scaled to have a mean of zero and unit variance.",114,No,Fitness early life (M),335
502,fitness.early.life.m,0.5956339696991152,Wong and Holman (in prep),124,Male,Adult,Life history,"Mean number of L1 larvae sired by males in competition for matings/fertilisations with same-aged competitor males over 3 days, beginning when all males were aged 2-3 days. For each replicate measurement, 5 DGRP males were housed with standardised mates and opposite-sex competitors (15 females and 10 males, giving an overall population size of 30 and 1:1 sex ratio). Fitness was estimated on the latent scale from a generalised linear mixed model, and is scaled to have a mean of zero and unit variance.",114,No,Fitness early life (M),335
509,fitness.early.life.m,-1.1657533967878284,Wong and Holman (in prep),124,Male,Adult,Life history,"Mean number of L1 larvae sired by males in competition for matings/fertilisations with same-aged competitor males over 3 days, beginning when all males were aged 2-3 days. For each replicate measurement, 5 DGRP males were housed with standardised mates and opposite-sex competitors (15 females and 10 males, giving an overall population size of 30 and 1:1 sex ratio). Fitness was estimated on the latent scale from a generalised linear mixed model, and is scaled to have a mean of zero and unit variance.",114,No,Fitness early life (M),335
513,fitness.early.life.m,-1.2668821965861286,Wong and Holman (in prep),124,Male,Adult,Life history,"Mean number of L1 larvae sired by males in competition for matings/fertilisations with same-aged competitor males over 3 days, beginning when all males were aged 2-3 days. For each replicate measurement, 5 DGRP males were housed with standardised mates and opposite-sex competitors (15 females and 10 males, giving an overall population size of 30 and 1:1 sex ratio). Fitness was estimated on the latent scale from a generalised linear mixed model, and is scaled to have a mean of zero and unit variance.",114,No,Fitness early life (M),335
517,fitness.early.life.m,-0.00923309909448795,Wong and Holman (in prep),124,Male,Adult,Life history,"Mean number of L1 larvae sired by males in competition for matings/fertilisations with same-aged competitor males over 3 days, beginning when all males were aged 2-3 days. For each replicate measurement, 5 DGRP males were housed with standardised mates and opposite-sex competitors (15 females and 10 males, giving an overall population size of 30 and 1:1 sex ratio). Fitness was estimated on the latent scale from a generalised linear mixed model, and is scaled to have a mean of zero and unit variance.",114,No,Fitness early life (M),335
530,fitness.early.life.m,-0.2232928986675494,Wong and Holman (in prep),124,Male,Adult,Life history,"Mean number of L1 larvae sired by males in competition for matings/fertilisations with same-aged competitor males over 3 days, beginning when all males were aged 2-3 days. For each replicate measurement, 5 DGRP males were housed with standardised mates and opposite-sex competitors (15 females and 10 males, giving an overall population size of 30 and 1:1 sex ratio). Fitness was estimated on the latent scale from a generalised linear mixed model, and is scaled to have a mean of zero and unit variance.",114,No,Fitness early life (M),335
531,fitness.early.life.m,0.8433633692050231,Wong and Holman (in prep),124,Male,Adult,Life history,"Mean number of L1 larvae sired by males in competition for matings/fertilisations with same-aged competitor males over 3 days, beginning when all males were aged 2-3 days. For each replicate measurement, 5 DGRP males were housed with standardised mates and opposite-sex competitors (15 females and 10 males, giving an overall population size of 30 and 1:1 sex ratio). Fitness was estimated on the latent scale from a generalised linear mixed model, and is scaled to have a mean of zero and unit variance.",114,No,Fitness early life (M),335
535,fitness.early.life.m,0.9231594790458714,Wong and Holman (in prep),124,Male,Adult,Life history,"Mean number of L1 larvae sired by males in competition for matings/fertilisations with same-aged competitor males over 3 days, beginning when all males were aged 2-3 days. For each replicate measurement, 5 DGRP males were housed with standardised mates and opposite-sex competitors (15 females and 10 males, giving an overall population size of 30 and 1:1 sex ratio). Fitness was estimated on the latent scale from a generalised linear mixed model, and is scaled to have a mean of zero and unit variance.",114,No,Fitness early life (M),335
584,fitness.early.life.m,0.7277431594356257,Wong and Holman (in prep),124,Male,Adult,Life history,"Mean number of L1 larvae sired by males in competition for matings/fertilisations with same-aged competitor males over 3 days, beginning when all males were aged 2-3 days. For each replicate measurement, 5 DGRP males were housed with standardised mates and opposite-sex competitors (15 females and 10 males, giving an overall population size of 30 and 1:1 sex ratio). Fitness was estimated on the latent scale from a generalised linear mixed model, and is scaled to have a mean of zero and unit variance.",114,No,Fitness early life (M),335
589,fitness.early.life.m,-0.13729509883907054,Wong and Holman (in prep),124,Male,Adult,Life history,"Mean number of L1 larvae sired by males in competition for matings/fertilisations with same-aged competitor males over 3 days, beginning when all males were aged 2-3 days. For each replicate measurement, 5 DGRP males were housed with standardised mates and opposite-sex competitors (15 females and 10 males, giving an overall population size of 30 and 1:1 sex ratio). Fitness was estimated on the latent scale from a generalised linear mixed model, and is scaled to have a mean of zero and unit variance.",114,No,Fitness early life (M),335
596,fitness.early.life.m,-0.472356698170796,Wong and Holman (in prep),124,Male,Adult,Life history,"Mean number of L1 larvae sired by males in competition for matings/fertilisations with same-aged competitor males over 3 days, beginning when all males were aged 2-3 days. For each replicate measurement, 5 DGRP males were housed with standardised mates and opposite-sex competitors (15 females and 10 males, giving an overall population size of 30 and 1:1 sex ratio). Fitness was estimated on the latent scale from a generalised linear mixed model, and is scaled to have a mean of zero and unit variance.",114,No,Fitness early life (M),335
703,fitness.early.life.m,-2.5257330940753726,Wong and Holman (in prep),124,Male,Adult,Life history,"Mean number of L1 larvae sired by males in competition for matings/fertilisations with same-aged competitor males over 3 days, beginning when all males were aged 2-3 days. For each replicate measurement, 5 DGRP males were housed with standardised mates and opposite-sex competitors (15 females and 10 males, giving an overall population size of 30 and 1:1 sex ratio). Fitness was estimated on the latent scale from a generalised linear mixed model, and is scaled to have a mean of zero and unit variance.",114,No,Fitness early life (M),335
705,fitness.early.life.m,-0.14457829882454432,Wong and Holman (in prep),124,Male,Adult,Life history,"Mean number of L1 larvae sired by males in competition for matings/fertilisations with same-aged competitor males over 3 days, beginning when all males were aged 2-3 days. For each replicate measurement, 5 DGRP males were housed with standardised mates and opposite-sex competitors (15 females and 10 males, giving an overall population size of 30 and 1:1 sex ratio). Fitness was estimated on the latent scale from a generalised linear mixed model, and is scaled to have a mean of zero and unit variance.",114,No,Fitness early life (M),335
707,fitness.early.life.m,0.5028038998842632,Wong and Holman (in prep),124,Male,Adult,Life history,"Mean number of L1 larvae sired by males in competition for matings/fertilisations with same-aged competitor males over 3 days, beginning when all males were aged 2-3 days. For each replicate measurement, 5 DGRP males were housed with standardised mates and opposite-sex competitors (15 females and 10 males, giving an overall population size of 30 and 1:1 sex ratio). Fitness was estimated on the latent scale from a generalised linear mixed model, and is scaled to have a mean of zero and unit variance.",114,No,Fitness early life (M),335
712,fitness.early.life.m,2.422663266055137,Wong and Holman (in prep),124,Male,Adult,Life history,"Mean number of L1 larvae sired by males in competition for matings/fertilisations with same-aged competitor males over 3 days, beginning when all males were aged 2-3 days. For each replicate measurement, 5 DGRP males were housed with standardised mates and opposite-sex competitors (15 females and 10 males, giving an overall population size of 30 and 1:1 sex ratio). Fitness was estimated on the latent scale from a generalised linear mixed model, and is scaled to have a mean of zero and unit variance.",114,No,Fitness early life (M),335
716,fitness.early.life.m,0.27307345034245656,Wong and Holman (in prep),124,Male,Adult,Life history,"Mean number of L1 larvae sired by males in competition for matings/fertilisations with same-aged competitor males over 3 days, beginning when all males were aged 2-3 days. For each replicate measurement, 5 DGRP males were housed with standardised mates and opposite-sex competitors (15 females and 10 males, giving an overall population size of 30 and 1:1 sex ratio). Fitness was estimated on the latent scale from a generalised linear mixed model, and is scaled to have a mean of zero and unit variance.",114,No,Fitness early life (M),335
721,fitness.early.life.m,0.4114838100663995,Wong and Holman (in prep),124,Male,Adult,Life history,"Mean number of L1 larvae sired by males in competition for matings/fertilisations with same-aged competitor males over 3 days, beginning when all males were aged 2-3 days. For each replicate measurement, 5 DGRP males were housed with standardised mates and opposite-sex competitors (15 females and 10 males, giving an overall population size of 30 and 1:1 sex ratio). Fitness was estimated on the latent scale from a generalised linear mixed model, and is scaled to have a mean of zero and unit variance.",114,No,Fitness early life (M),335
732,fitness.early.life.m,2.1667515465655485,Wong and Holman (in prep),124,Male,Adult,Life history,"Mean number of L1 larvae sired by males in competition for matings/fertilisations with same-aged competitor males over 3 days, beginning when all males were aged 2-3 days. For each replicate measurement, 5 DGRP males were housed with standardised mates and opposite-sex competitors (15 females and 10 males, giving an overall population size of 30 and 1:1 sex ratio). Fitness was estimated on the latent scale from a generalised linear mixed model, and is scaled to have a mean of zero and unit variance.",114,No,Fitness early life (M),335
738,fitness.early.life.m,2.021449406855351,Wong and Holman (in prep),124,Male,Adult,Life history,"Mean number of L1 larvae sired by males in competition for matings/fertilisations with same-aged competitor males over 3 days, beginning when all males were aged 2-3 days. For each replicate measurement, 5 DGRP males were housed with standardised mates and opposite-sex competitors (15 females and 10 males, giving an overall population size of 30 and 1:1 sex ratio). Fitness was estimated on the latent scale from a generalised linear mixed model, and is scaled to have a mean of zero and unit variance.",114,No,Fitness early life (M),335
748,fitness.early.life.m,0.7083101294743845,Wong and Holman (in prep),124,Male,Adult,Life history,"Mean number of L1 larvae sired by males in competition for matings/fertilisations with same-aged competitor males over 3 days, beginning when all males were aged 2-3 days. For each replicate measurement, 5 DGRP males were housed with standardised mates and opposite-sex competitors (15 females and 10 males, giving an overall population size of 30 and 1:1 sex ratio). Fitness was estimated on the latent scale from a generalised linear mixed model, and is scaled to have a mean of zero and unit variance.",114,No,Fitness early life (M),335
757,fitness.early.life.m,-0.9889138971405316,Wong and Holman (in prep),124,Male,Adult,Life history,"Mean number of L1 larvae sired by males in competition for matings/fertilisations with same-aged competitor males over 3 days, beginning when all males were aged 2-3 days. For each replicate measurement, 5 DGRP males were housed with standardised mates and opposite-sex competitors (15 females and 10 males, giving an overall population size of 30 and 1:1 sex ratio). Fitness was estimated on the latent scale from a generalised linear mixed model, and is scaled to have a mean of zero and unit variance.",114,No,Fitness early life (M),335
761,fitness.early.life.m,1.075478768742073,Wong and Holman (in prep),124,Male,Adult,Life history,"Mean number of L1 larvae sired by males in competition for matings/fertilisations with same-aged competitor males over 3 days, beginning when all males were aged 2-3 days. For each replicate measurement, 5 DGRP males were housed with standardised mates and opposite-sex competitors (15 females and 10 males, giving an overall population size of 30 and 1:1 sex ratio). Fitness was estimated on the latent scale from a generalised linear mixed model, and is scaled to have a mean of zero and unit variance.",114,No,Fitness early life (M),335
765,fitness.early.life.m,-0.9456656972267896,Wong and Holman (in prep),124,Male,Adult,Life history,"Mean number of L1 larvae sired by males in competition for matings/fertilisations with same-aged competitor males over 3 days, beginning when all males were aged 2-3 days. For each replicate measurement, 5 DGRP males were housed with standardised mates and opposite-sex competitors (15 females and 10 males, giving an overall population size of 30 and 1:1 sex ratio). Fitness was estimated on the latent scale from a generalised linear mixed model, and is scaled to have a mean of zero and unit variance.",114,No,Fitness early life (M),335
776,fitness.early.life.m,-0.6065963979030573,Wong and Holman (in prep),124,Male,Adult,Life history,"Mean number of L1 larvae sired by males in competition for matings/fertilisations with same-aged competitor males over 3 days, beginning when all males were aged 2-3 days. For each replicate measurement, 5 DGRP males were housed with standardised mates and opposite-sex competitors (15 females and 10 males, giving an overall population size of 30 and 1:1 sex ratio). Fitness was estimated on the latent scale from a generalised linear mixed model, and is scaled to have a mean of zero and unit variance.",114,No,Fitness early life (M),335
783,fitness.early.life.m,-0.23358599864702,Wong and Holman (in prep),124,Male,Adult,Life history,"Mean number of L1 larvae sired by males in competition for matings/fertilisations with same-aged competitor males over 3 days, beginning when all males were aged 2-3 days. For each replicate measurement, 5 DGRP males were housed with standardised mates and opposite-sex competitors (15 females and 10 males, giving an overall population size of 30 and 1:1 sex ratio). Fitness was estimated on the latent scale from a generalised linear mixed model, and is scaled to have a mean of zero and unit variance.",114,No,Fitness early life (M),335
787,fitness.early.life.m,0.370718090147706,Wong and Holman (in prep),124,Male,Adult,Life history,"Mean number of L1 larvae sired by males in competition for matings/fertilisations with same-aged competitor males over 3 days, beginning when all males were aged 2-3 days. For each replicate measurement, 5 DGRP males were housed with standardised mates and opposite-sex competitors (15 females and 10 males, giving an overall population size of 30 and 1:1 sex ratio). Fitness was estimated on the latent scale from a generalised linear mixed model, and is scaled to have a mean of zero and unit variance.",114,No,Fitness early life (M),335
790,fitness.early.life.m,-0.5899824979361934,Wong and Holman (in prep),124,Male,Adult,Life history,"Mean number of L1 larvae sired by males in competition for matings/fertilisations with same-aged competitor males over 3 days, beginning when all males were aged 2-3 days. For each replicate measurement, 5 DGRP males were housed with standardised mates and opposite-sex competitors (15 females and 10 males, giving an overall population size of 30 and 1:1 sex ratio). Fitness was estimated on the latent scale from a generalised linear mixed model, and is scaled to have a mean of zero and unit variance.",114,No,Fitness early life (M),335
796,fitness.early.life.m,0.005655490875817,Wong and Holman (in prep),124,Male,Adult,Life history,"Mean number of L1 larvae sired by males in competition for matings/fertilisations with same-aged competitor males over 3 days, beginning when all males were aged 2-3 days. For each replicate measurement, 5 DGRP males were housed with standardised mates and opposite-sex competitors (15 females and 10 males, giving an overall population size of 30 and 1:1 sex ratio). Fitness was estimated on the latent scale from a generalised linear mixed model, and is scaled to have a mean of zero and unit variance.",114,No,Fitness early life (M),335
801,fitness.early.life.m,-0.5788240979584487,Wong and Holman (in prep),124,Male,Adult,Life history,"Mean number of L1 larvae sired by males in competition for matings/fertilisations with same-aged competitor males over 3 days, beginning when all males were aged 2-3 days. For each replicate measurement, 5 DGRP males were housed with standardised mates and opposite-sex competitors (15 females and 10 males, giving an overall population size of 30 and 1:1 sex ratio). Fitness was estimated on the latent scale from a generalised linear mixed model, and is scaled to have a mean of zero and unit variance.",114,No,Fitness early life (M),335
802,fitness.early.life.m,0.6564714795777759,Wong and Holman (in prep),124,Male,Adult,Life history,"Mean number of L1 larvae sired by males in competition for matings/fertilisations with same-aged competitor males over 3 days, beginning when all males were aged 2-3 days. For each replicate measurement, 5 DGRP males were housed with standardised mates and opposite-sex competitors (15 females and 10 males, giving an overall population size of 30 and 1:1 sex ratio). Fitness was estimated on the latent scale from a generalised linear mixed model, and is scaled to have a mean of zero and unit variance.",114,No,Fitness early life (M),335
804,fitness.early.life.m,-0.6940545977286234,Wong and Holman (in prep),124,Male,Adult,Life history,"Mean number of L1 larvae sired by males in competition for matings/fertilisations with same-aged competitor males over 3 days, beginning when all males were aged 2-3 days. For each replicate measurement, 5 DGRP males were housed with standardised mates and opposite-sex competitors (15 females and 10 males, giving an overall population size of 30 and 1:1 sex ratio). Fitness was estimated on the latent scale from a generalised linear mixed model, and is scaled to have a mean of zero and unit variance.",114,No,Fitness early life (M),335
805,fitness.early.life.m,0.9848358289228588,Wong and Holman (in prep),124,Male,Adult,Life history,"Mean number of L1 larvae sired by males in competition for matings/fertilisations with same-aged competitor males over 3 days, beginning when all males were aged 2-3 days. For each replicate measurement, 5 DGRP males were housed with standardised mates and opposite-sex competitors (15 females and 10 males, giving an overall population size of 30 and 1:1 sex ratio). Fitness was estimated on the latent scale from a generalised linear mixed model, and is scaled to have a mean of zero and unit variance.",114,No,Fitness early life (M),335
808,fitness.early.life.m,-0.7674744975821887,Wong and Holman (in prep),124,Male,Adult,Life history,"Mean number of L1 larvae sired by males in competition for matings/fertilisations with same-aged competitor males over 3 days, beginning when all males were aged 2-3 days. For each replicate measurement, 5 DGRP males were housed with standardised mates and opposite-sex competitors (15 females and 10 males, giving an overall population size of 30 and 1:1 sex ratio). Fitness was estimated on the latent scale from a generalised linear mixed model, and is scaled to have a mean of zero and unit variance.",114,No,Fitness early life (M),335
810,fitness.early.life.m,0.07854880073043258,Wong and Holman (in prep),124,Male,Adult,Life history,"Mean number of L1 larvae sired by males in competition for matings/fertilisations with same-aged competitor males over 3 days, beginning when all males were aged 2-3 days. For each replicate measurement, 5 DGRP males were housed with standardised mates and opposite-sex competitors (15 females and 10 males, giving an overall population size of 30 and 1:1 sex ratio). Fitness was estimated on the latent scale from a generalised linear mixed model, and is scaled to have a mean of zero and unit variance.",114,No,Fitness early life (M),335
820,fitness.early.life.m,0.16952693054897827,Wong and Holman (in prep),124,Male,Adult,Life history,"Mean number of L1 larvae sired by males in competition for matings/fertilisations with same-aged competitor males over 3 days, beginning when all males were aged 2-3 days. For each replicate measurement, 5 DGRP males were housed with standardised mates and opposite-sex competitors (15 females and 10 males, giving an overall population size of 30 and 1:1 sex ratio). Fitness was estimated on the latent scale from a generalised linear mixed model, and is scaled to have a mean of zero and unit variance.",114,No,Fitness early life (M),335
821,fitness.early.life.m,-1.4155780962895574,Wong and Holman (in prep),124,Male,Adult,Life history,"Mean number of L1 larvae sired by males in competition for matings/fertilisations with same-aged competitor males over 3 days, beginning when all males were aged 2-3 days. For each replicate measurement, 5 DGRP males were housed with standardised mates and opposite-sex competitors (15 females and 10 males, giving an overall population size of 30 and 1:1 sex ratio). Fitness was estimated on the latent scale from a generalised linear mixed model, and is scaled to have a mean of zero and unit variance.",114,No,Fitness early life (M),335
832,fitness.early.life.m,-1.8211478954806553,Wong and Holman (in prep),124,Male,Adult,Life history,"Mean number of L1 larvae sired by males in competition for matings/fertilisations with same-aged competitor males over 3 days, beginning when all males were aged 2-3 days. For each replicate measurement, 5 DGRP males were housed with standardised mates and opposite-sex competitors (15 females and 10 males, giving an overall population size of 30 and 1:1 sex ratio). Fitness was estimated on the latent scale from a generalised linear mixed model, and is scaled to have a mean of zero and unit variance.",114,No,Fitness early life (M),335
837,fitness.early.life.m,-1.1284493968622304,Wong and Holman (in prep),124,Male,Adult,Life history,"Mean number of L1 larvae sired by males in competition for matings/fertilisations with same-aged competitor males over 3 days, beginning when all males were aged 2-3 days. For each replicate measurement, 5 DGRP males were housed with standardised mates and opposite-sex competitors (15 females and 10 males, giving an overall population size of 30 and 1:1 sex ratio). Fitness was estimated on the latent scale from a generalised linear mixed model, and is scaled to have a mean of zero and unit variance.",114,No,Fitness early life (M),335
843,fitness.early.life.m,-0.8370491974434232,Wong and Holman (in prep),124,Male,Adult,Life history,"Mean number of L1 larvae sired by males in competition for matings/fertilisations with same-aged competitor males over 3 days, beginning when all males were aged 2-3 days. For each replicate measurement, 5 DGRP males were housed with standardised mates and opposite-sex competitors (15 females and 10 males, giving an overall population size of 30 and 1:1 sex ratio). Fitness was estimated on the latent scale from a generalised linear mixed model, and is scaled to have a mean of zero and unit variance.",114,No,Fitness early life (M),335
850,fitness.early.life.m,0.2161010004560871,Wong and Holman (in prep),124,Male,Adult,Life history,"Mean number of L1 larvae sired by males in competition for matings/fertilisations with same-aged competitor males over 3 days, beginning when all males were aged 2-3 days. For each replicate measurement, 5 DGRP males were housed with standardised mates and opposite-sex competitors (15 females and 10 males, giving an overall population size of 30 and 1:1 sex ratio). Fitness was estimated on the latent scale from a generalised linear mixed model, and is scaled to have a mean of zero and unit variance.",114,No,Fitness early life (M),335
852,fitness.early.life.m,-0.753275697610508,Wong and Holman (in prep),124,Male,Adult,Life history,"Mean number of L1 larvae sired by males in competition for matings/fertilisations with same-aged competitor males over 3 days, beginning when all males were aged 2-3 days. For each replicate measurement, 5 DGRP males were housed with standardised mates and opposite-sex competitors (15 females and 10 males, giving an overall population size of 30 and 1:1 sex ratio). Fitness was estimated on the latent scale from a generalised linear mixed model, and is scaled to have a mean of zero and unit variance.",114,No,Fitness early life (M),335
853,fitness.early.life.m,-0.1710355987717757,Wong and Holman (in prep),124,Male,Adult,Life history,"Mean number of L1 larvae sired by males in competition for matings/fertilisations with same-aged competitor males over 3 days, beginning when all males were aged 2-3 days. For each replicate measurement, 5 DGRP males were housed with standardised mates and opposite-sex competitors (15 females and 10 males, giving an overall population size of 30 and 1:1 sex ratio). Fitness was estimated on the latent scale from a generalised linear mixed model, and is scaled to have a mean of zero and unit variance.",114,No,Fitness early life (M),335
859,fitness.early.life.m,0.6029474896845286,Wong and Holman (in prep),124,Male,Adult,Life history,"Mean number of L1 larvae sired by males in competition for matings/fertilisations with same-aged competitor males over 3 days, beginning when all males were aged 2-3 days. For each replicate measurement, 5 DGRP males were housed with standardised mates and opposite-sex competitors (15 females and 10 males, giving an overall population size of 30 and 1:1 sex ratio). Fitness was estimated on the latent scale from a generalised linear mixed model, and is scaled to have a mean of zero and unit variance.",114,No,Fitness early life (M),335
879,fitness.early.life.m,-1.3020115965160637,Wong and Holman (in prep),124,Male,Adult,Life history,"Mean number of L1 larvae sired by males in competition for matings/fertilisations with same-aged competitor males over 3 days, beginning when all males were aged 2-3 days. For each replicate measurement, 5 DGRP males were housed with standardised mates and opposite-sex competitors (15 females and 10 males, giving an overall population size of 30 and 1:1 sex ratio). Fitness was estimated on the latent scale from a generalised linear mixed model, and is scaled to have a mean of zero and unit variance.",114,No,Fitness early life (M),335
882,fitness.early.life.m,-0.8973344973231853,Wong and Holman (in prep),124,Male,Adult,Life history,"Mean number of L1 larvae sired by males in competition for matings/fertilisations with same-aged competitor males over 3 days, beginning when all males were aged 2-3 days. For each replicate measurement, 5 DGRP males were housed with standardised mates and opposite-sex competitors (15 females and 10 males, giving an overall population size of 30 and 1:1 sex ratio). Fitness was estimated on the latent scale from a generalised linear mixed model, and is scaled to have a mean of zero and unit variance.",114,No,Fitness early life (M),335
897,fitness.early.life.m,0.4552302799791479,Wong and Holman (in prep),124,Male,Adult,Life history,"Mean number of L1 larvae sired by males in competition for matings/fertilisations with same-aged competitor males over 3 days, beginning when all males were aged 2-3 days. For each replicate measurement, 5 DGRP males were housed with standardised mates and opposite-sex competitors (15 females and 10 males, giving an overall population size of 30 and 1:1 sex ratio). Fitness was estimated on the latent scale from a generalised linear mixed model, and is scaled to have a mean of zero and unit variance.",114,No,Fitness early life (M),335
900,fitness.early.life.m,0.9127763290665803,Wong and Holman (in prep),124,Male,Adult,Life history,"Mean number of L1 larvae sired by males in competition for matings/fertilisations with same-aged competitor males over 3 days, beginning when all males were aged 2-3 days. For each replicate measurement, 5 DGRP males were housed with standardised mates and opposite-sex competitors (15 females and 10 males, giving an overall population size of 30 and 1:1 sex ratio). Fitness was estimated on the latent scale from a generalised linear mixed model, and is scaled to have a mean of zero and unit variance.",114,No,Fitness early life (M),335
907,fitness.early.life.m,-0.298322098517905,Wong and Holman (in prep),124,Male,Adult,Life history,"Mean number of L1 larvae sired by males in competition for matings/fertilisations with same-aged competitor males over 3 days, beginning when all males were aged 2-3 days. For each replicate measurement, 5 DGRP males were housed with standardised mates and opposite-sex competitors (15 females and 10 males, giving an overall population size of 30 and 1:1 sex ratio). Fitness was estimated on the latent scale from a generalised linear mixed model, and is scaled to have a mean of zero and unit variance.",114,No,Fitness early life (M),335
908,fitness.early.life.m,0.8608917191700632,Wong and Holman (in prep),124,Male,Adult,Life history,"Mean number of L1 larvae sired by males in competition for matings/fertilisations with same-aged competitor males over 3 days, beginning when all males were aged 2-3 days. For each replicate measurement, 5 DGRP males were housed with standardised mates and opposite-sex competitors (15 females and 10 males, giving an overall population size of 30 and 1:1 sex ratio). Fitness was estimated on the latent scale from a generalised linear mixed model, and is scaled to have a mean of zero and unit variance.",114,No,Fitness early life (M),335
911,fitness.early.life.m,1.4025477880897397,Wong and Holman (in prep),124,Male,Adult,Life history,"Mean number of L1 larvae sired by males in competition for matings/fertilisations with same-aged competitor males over 3 days, beginning when all males were aged 2-3 days. For each replicate measurement, 5 DGRP males were housed with standardised mates and opposite-sex competitors (15 females and 10 males, giving an overall population size of 30 and 1:1 sex ratio). Fitness was estimated on the latent scale from a generalised linear mixed model, and is scaled to have a mean of zero and unit variance.",114,No,Fitness early life (M),335
913,fitness.early.life.m,1.476648567941947,Wong and Holman (in prep),124,Male,Adult,Life history,"Mean number of L1 larvae sired by males in competition for matings/fertilisations with same-aged competitor males over 3 days, beginning when all males were aged 2-3 days. For each replicate measurement, 5 DGRP males were housed with standardised mates and opposite-sex competitors (15 females and 10 males, giving an overall population size of 30 and 1:1 sex ratio). Fitness was estimated on the latent scale from a generalised linear mixed model, and is scaled to have a mean of zero and unit variance.",114,No,Fitness early life (M),335
21,fitness.late.life.f,-1.3515032062425016,Wong and Holman (in prep),125,Female,Adult,Life history,"Mean number of L1 larvae produced by females aged 17-18 days over a 24h period. For each replicate measurement, 5 DGRP females were housed with standardised mates and opposite-sex competitors (15 males and 10 females, giving an overall population size of 30 and 1:1 sex ratio). Fitness was estimated on the latent scale from a generalised linear mixed model, and is scaled to have a mean of zero and unit variance.",114,No,Fitness late life (F),336
26,fitness.late.life.f,-0.6052369042091161,Wong and Holman (in prep),125,Female,Adult,Life history,"Mean number of L1 larvae produced by females aged 17-18 days over a 24h period. For each replicate measurement, 5 DGRP females were housed with standardised mates and opposite-sex competitors (15 males and 10 females, giving an overall population size of 30 and 1:1 sex ratio). Fitness was estimated on the latent scale from a generalised linear mixed model, and is scaled to have a mean of zero and unit variance.",114,No,Fitness late life (F),336
32,fitness.late.life.f,0.67959386929172,Wong and Holman (in prep),125,Female,Adult,Life history,"Mean number of L1 larvae produced by females aged 17-18 days over a 24h period. For each replicate measurement, 5 DGRP females were housed with standardised mates and opposite-sex competitors (15 males and 10 females, giving an overall population size of 30 and 1:1 sex ratio). Fitness was estimated on the latent scale from a generalised linear mixed model, and is scaled to have a mean of zero and unit variance.",114,No,Fitness late life (F),336
40,fitness.late.life.f,-0.776397804675486,Wong and Holman (in prep),125,Female,Adult,Life history,"Mean number of L1 larvae produced by females aged 17-18 days over a 24h period. For each replicate measurement, 5 DGRP females were housed with standardised mates and opposite-sex competitors (15 males and 10 females, giving an overall population size of 30 and 1:1 sex ratio). Fitness was estimated on the latent scale from a generalised linear mixed model, and is scaled to have a mean of zero and unit variance.",114,No,Fitness late life (F),336
45,fitness.late.life.f,0.1614539378799208,Wong and Holman (in prep),125,Female,Adult,Life history,"Mean number of L1 larvae produced by females aged 17-18 days over a 24h period. For each replicate measurement, 5 DGRP females were housed with standardised mates and opposite-sex competitors (15 males and 10 females, giving an overall population size of 30 and 1:1 sex ratio). Fitness was estimated on the latent scale from a generalised linear mixed model, and is scaled to have a mean of zero and unit variance.",114,No,Fitness late life (F),336
57,fitness.late.life.f,0.27668832819390515,Wong and Holman (in prep),125,Female,Adult,Life history,"Mean number of L1 larvae produced by females aged 17-18 days over a 24h period. For each replicate measurement, 5 DGRP females were housed with standardised mates and opposite-sex competitors (15 males and 10 females, giving an overall population size of 30 and 1:1 sex ratio). Fitness was estimated on the latent scale from a generalised linear mixed model, and is scaled to have a mean of zero and unit variance.",114,No,Fitness late life (F),336
59,fitness.late.life.f,0.4716739087251911,Wong and Holman (in prep),125,Female,Adult,Life history,"Mean number of L1 larvae produced by females aged 17-18 days over a 24h period. For each replicate measurement, 5 DGRP females were housed with standardised mates and opposite-sex competitors (15 males and 10 females, giving an overall population size of 30 and 1:1 sex ratio). Fitness was estimated on the latent scale from a generalised linear mixed model, and is scaled to have a mean of zero and unit variance.",114,No,Fitness late life (F),336
75,fitness.late.life.f,-0.28473930333584196,Wong and Holman (in prep),125,Female,Adult,Life history,"Mean number of L1 larvae produced by females aged 17-18 days over a 24h period. For each replicate measurement, 5 DGRP females were housed with standardised mates and opposite-sex competitors (15 males and 10 females, giving an overall population size of 30 and 1:1 sex ratio). Fitness was estimated on the latent scale from a generalised linear mixed model, and is scaled to have a mean of zero and unit variance.",114,No,Fitness late life (F),336
91,fitness.late.life.f,-1.189923905802239,Wong and Holman (in prep),125,Female,Adult,Life history,"Mean number of L1 larvae produced by females aged 17-18 days over a 24h period. For each replicate measurement, 5 DGRP females were housed with standardised mates and opposite-sex competitors (15 males and 10 females, giving an overall population size of 30 and 1:1 sex ratio). Fitness was estimated on the latent scale from a generalised linear mixed model, and is scaled to have a mean of zero and unit variance.",114,No,Fitness late life (F),336
93,fitness.late.life.f,1.2494348608443917,Wong and Holman (in prep),125,Female,Adult,Life history,"Mean number of L1 larvae produced by females aged 17-18 days over a 24h period. For each replicate measurement, 5 DGRP females were housed with standardised mates and opposite-sex competitors (15 males and 10 females, giving an overall population size of 30 and 1:1 sex ratio). Fitness was estimated on the latent scale from a generalised linear mixed model, and is scaled to have a mean of zero and unit variance.",114,No,Fitness late life (F),336
109,fitness.late.life.f,1.282610300934786,Wong and Holman (in prep),125,Female,Adult,Life history,"Mean number of L1 larvae produced by females aged 17-18 days over a 24h period. For each replicate measurement, 5 DGRP females were housed with standardised mates and opposite-sex competitors (15 males and 10 females, giving an overall population size of 30 and 1:1 sex ratio). Fitness was estimated on the latent scale from a generalised linear mixed model, and is scaled to have a mean of zero and unit variance.",114,No,Fitness late life (F),336
129,fitness.late.life.f,1.3331480110724885,Wong and Holman (in prep),125,Female,Adult,Life history,"Mean number of L1 larvae produced by females aged 17-18 days over a 24h period. For each replicate measurement, 5 DGRP females were housed with standardised mates and opposite-sex competitors (15 males and 10 females, giving an overall population size of 30 and 1:1 sex ratio). Fitness was estimated on the latent scale from a generalised linear mixed model, and is scaled to have a mean of zero and unit variance.",114,No,Fitness late life (F),336
136,fitness.late.life.f,1.3700924411731523,Wong and Holman (in prep),125,Female,Adult,Life history,"Mean number of L1 larvae produced by females aged 17-18 days over a 24h period. For each replicate measurement, 5 DGRP females were housed with standardised mates and opposite-sex competitors (15 males and 10 females, giving an overall population size of 30 and 1:1 sex ratio). Fitness was estimated on the latent scale from a generalised linear mixed model, and is scaled to have a mean of zero and unit variance.",114,No,Fitness late life (F),336
138,fitness.late.life.f,1.3375322510844343,Wong and Holman (in prep),125,Female,Adult,Life history,"Mean number of L1 larvae produced by females aged 17-18 days over a 24h period. For each replicate measurement, 5 DGRP females were housed with standardised mates and opposite-sex competitors (15 males and 10 females, giving an overall population size of 30 and 1:1 sex ratio). Fitness was estimated on the latent scale from a generalised linear mixed model, and is scaled to have a mean of zero and unit variance.",114,No,Fitness late life (F),336
142,fitness.late.life.f,-2.056535808163535,Wong and Holman (in prep),125,Female,Adult,Life history,"Mean number of L1 larvae produced by females aged 17-18 days over a 24h period. For each replicate measurement, 5 DGRP females were housed with standardised mates and opposite-sex competitors (15 males and 10 females, giving an overall population size of 30 and 1:1 sex ratio). Fitness was estimated on the latent scale from a generalised linear mixed model, and is scaled to have a mean of zero and unit variance.",114,No,Fitness late life (F),336
153,fitness.late.life.f,-0.3906684036244718,Wong and Holman (in prep),125,Female,Adult,Life history,"Mean number of L1 larvae produced by females aged 17-18 days over a 24h period. For each replicate measurement, 5 DGRP females were housed with standardised mates and opposite-sex competitors (15 males and 10 females, giving an overall population size of 30 and 1:1 sex ratio). Fitness was estimated on the latent scale from a generalised linear mixed model, and is scaled to have a mean of zero and unit variance.",114,No,Fitness late life (F),336
158,fitness.late.life.f,0.2520976881269019,Wong and Holman (in prep),125,Female,Adult,Life history,"Mean number of L1 larvae produced by females aged 17-18 days over a 24h period. For each replicate measurement, 5 DGRP females were housed with standardised mates and opposite-sex competitors (15 males and 10 females, giving an overall population size of 30 and 1:1 sex ratio). Fitness was estimated on the latent scale from a generalised linear mixed model, and is scaled to have a mean of zero and unit variance.",114,No,Fitness late life (F),336
161,fitness.late.life.f,1.6236405218640062,Wong and Holman (in prep),125,Female,Adult,Life history,"Mean number of L1 larvae produced by females aged 17-18 days over a 24h period. For each replicate measurement, 5 DGRP females were housed with standardised mates and opposite-sex competitors (15 males and 10 females, giving an overall population size of 30 and 1:1 sex ratio). Fitness was estimated on the latent scale from a generalised linear mixed model, and is scaled to have a mean of zero and unit variance.",114,No,Fitness late life (F),336
176,fitness.late.life.f,-1.6412579070320092,Wong and Holman (in prep),125,Female,Adult,Life history,"Mean number of L1 larvae produced by females aged 17-18 days over a 24h period. For each replicate measurement, 5 DGRP females were housed with standardised mates and opposite-sex competitors (15 males and 10 females, giving an overall population size of 30 and 1:1 sex ratio). Fitness was estimated on the latent scale from a generalised linear mixed model, and is scaled to have a mean of zero and unit variance.",114,No,Fitness late life (F),336
181,fitness.late.life.f,-1.3103346061303276,Wong and Holman (in prep),125,Female,Adult,Life history,"Mean number of L1 larvae produced by females aged 17-18 days over a 24h period. For each replicate measurement, 5 DGRP females were housed with standardised mates and opposite-sex competitors (15 males and 10 females, giving an overall population size of 30 and 1:1 sex ratio). Fitness was estimated on the latent scale from a generalised linear mixed model, and is scaled to have a mean of zero and unit variance.",114,No,Fitness late life (F),336
195,fitness.late.life.f,-0.09867210282885631,Wong and Holman (in prep),125,Female,Adult,Life history,"Mean number of L1 larvae produced by females aged 17-18 days over a 24h period. For each replicate measurement, 5 DGRP females were housed with standardised mates and opposite-sex competitors (15 males and 10 females, giving an overall population size of 30 and 1:1 sex ratio). Fitness was estimated on the latent scale from a generalised linear mixed model, and is scaled to have a mean of zero and unit variance.",114,No,Fitness late life (F),336
208,fitness.late.life.f,0.11443734775181258,Wong and Holman (in prep),125,Female,Adult,Life history,"Mean number of L1 larvae produced by females aged 17-18 days over a 24h period. For each replicate measurement, 5 DGRP females were housed with standardised mates and opposite-sex competitors (15 males and 10 females, giving an overall population size of 30 and 1:1 sex ratio). Fitness was estimated on the latent scale from a generalised linear mixed model, and is scaled to have a mean of zero and unit variance.",114,No,Fitness late life (F),336
217,fitness.late.life.f,0.09808997770727015,Wong and Holman (in prep),125,Female,Adult,Life history,"Mean number of L1 larvae produced by females aged 17-18 days over a 24h period. For each replicate measurement, 5 DGRP females were housed with standardised mates and opposite-sex competitors (15 males and 10 females, giving an overall population size of 30 and 1:1 sex ratio). Fitness was estimated on the latent scale from a generalised linear mixed model, and is scaled to have a mean of zero and unit variance.",114,No,Fitness late life (F),336
228,fitness.late.life.f,0.34094480836898766,Wong and Holman (in prep),125,Female,Adult,Life history,"Mean number of L1 larvae produced by females aged 17-18 days over a 24h period. For each replicate measurement, 5 DGRP females were housed with standardised mates and opposite-sex competitors (15 males and 10 females, giving an overall population size of 30 and 1:1 sex ratio). Fitness was estimated on the latent scale from a generalised linear mixed model, and is scaled to have a mean of zero and unit variance.",114,No,Fitness late life (F),336
229,fitness.late.life.f,0.3767163184664559,Wong and Holman (in prep),125,Female,Adult,Life history,"Mean number of L1 larvae produced by females aged 17-18 days over a 24h period. For each replicate measurement, 5 DGRP females were housed with standardised mates and opposite-sex competitors (15 males and 10 females, giving an overall population size of 30 and 1:1 sex ratio). Fitness was estimated on the latent scale from a generalised linear mixed model, and is scaled to have a mean of zero and unit variance.",114,No,Fitness late life (F),336
235,fitness.late.life.f,1.3066172510001988,Wong and Holman (in prep),125,Female,Adult,Life history,"Mean number of L1 larvae produced by females aged 17-18 days over a 24h period. For each replicate measurement, 5 DGRP females were housed with standardised mates and opposite-sex competitors (15 males and 10 females, giving an overall population size of 30 and 1:1 sex ratio). Fitness was estimated on the latent scale from a generalised linear mixed model, and is scaled to have a mean of zero and unit variance.",114,No,Fitness late life (F),336
237,fitness.late.life.f,0.9605168900571636,Wong and Holman (in prep),125,Female,Adult,Life history,"Mean number of L1 larvae produced by females aged 17-18 days over a 24h period. For each replicate measurement, 5 DGRP females were housed with standardised mates and opposite-sex competitors (15 males and 10 females, giving an overall population size of 30 and 1:1 sex ratio). Fitness was estimated on the latent scale from a generalised linear mixed model, and is scaled to have a mean of zero and unit variance.",114,No,Fitness late life (F),336
239,fitness.late.life.f,0.4053982685446069,Wong and Holman (in prep),125,Female,Adult,Life history,"Mean number of L1 larvae produced by females aged 17-18 days over a 24h period. For each replicate measurement, 5 DGRP females were housed with standardised mates and opposite-sex competitors (15 males and 10 females, giving an overall population size of 30 and 1:1 sex ratio). Fitness was estimated on the latent scale from a generalised linear mixed model, and is scaled to have a mean of zero and unit variance.",114,No,Fitness late life (F),336
280,fitness.late.life.f,0.0903944076863017,Wong and Holman (in prep),125,Female,Adult,Life history,"Mean number of L1 larvae produced by females aged 17-18 days over a 24h period. For each replicate measurement, 5 DGRP females were housed with standardised mates and opposite-sex competitors (15 males and 10 females, giving an overall population size of 30 and 1:1 sex ratio). Fitness was estimated on the latent scale from a generalised linear mixed model, and is scaled to have a mean of zero and unit variance.",114,No,Fitness late life (F),336
301,fitness.late.life.f,0.13388828780481143,Wong and Holman (in prep),125,Female,Adult,Life history,"Mean number of L1 larvae produced by females aged 17-18 days over a 24h period. For each replicate measurement, 5 DGRP females were housed with standardised mates and opposite-sex competitors (15 males and 10 females, giving an overall population size of 30 and 1:1 sex ratio). Fitness was estimated on the latent scale from a generalised linear mixed model, and is scaled to have a mean of zero and unit variance.",114,No,Fitness late life (F),336
303,fitness.late.life.f,0.191497547961782,Wong and Holman (in prep),125,Female,Adult,Life history,"Mean number of L1 larvae produced by females aged 17-18 days over a 24h period. For each replicate measurement, 5 DGRP females were housed with standardised mates and opposite-sex competitors (15 males and 10 females, giving an overall population size of 30 and 1:1 sex ratio). Fitness was estimated on the latent scale from a generalised linear mixed model, and is scaled to have a mean of zero and unit variance.",114,No,Fitness late life (F),336
306,fitness.late.life.f,0.4736168787304853,Wong and Holman (in prep),125,Female,Adult,Life history,"Mean number of L1 larvae produced by females aged 17-18 days over a 24h period. For each replicate measurement, 5 DGRP females were housed with standardised mates and opposite-sex competitors (15 males and 10 females, giving an overall population size of 30 and 1:1 sex ratio). Fitness was estimated on the latent scale from a generalised linear mixed model, and is scaled to have a mean of zero and unit variance.",114,No,Fitness late life (F),336
307,fitness.late.life.f,0.8924868598717991,Wong and Holman (in prep),125,Female,Adult,Life history,"Mean number of L1 larvae produced by females aged 17-18 days over a 24h period. For each replicate measurement, 5 DGRP females were housed with standardised mates and opposite-sex competitors (15 males and 10 females, giving an overall population size of 30 and 1:1 sex ratio). Fitness was estimated on the latent scale from a generalised linear mixed model, and is scaled to have a mean of zero and unit variance.",114,No,Fitness late life (F),336
309,fitness.late.life.f,0.738054009451009,Wong and Holman (in prep),125,Female,Adult,Life history,"Mean number of L1 larvae produced by females aged 17-18 days over a 24h period. For each replicate measurement, 5 DGRP females were housed with standardised mates and opposite-sex competitors (15 males and 10 females, giving an overall population size of 30 and 1:1 sex ratio). Fitness was estimated on the latent scale from a generalised linear mixed model, and is scaled to have a mean of zero and unit variance.",114,No,Fitness late life (F),336
313,fitness.late.life.f,-0.698800104464052,Wong and Holman (in prep),125,Female,Adult,Life history,"Mean number of L1 larvae produced by females aged 17-18 days over a 24h period. For each replicate measurement, 5 DGRP females were housed with standardised mates and opposite-sex competitors (15 males and 10 females, giving an overall population size of 30 and 1:1 sex ratio). Fitness was estimated on the latent scale from a generalised linear mixed model, and is scaled to have a mean of zero and unit variance.",114,No,Fitness late life (F),336
319,fitness.late.life.f,0.7808443195676017,Wong and Holman (in prep),125,Female,Adult,Life history,"Mean number of L1 larvae produced by females aged 17-18 days over a 24h period. For each replicate measurement, 5 DGRP females were housed with standardised mates and opposite-sex competitors (15 males and 10 females, giving an overall population size of 30 and 1:1 sex ratio). Fitness was estimated on the latent scale from a generalised linear mixed model, and is scaled to have a mean of zero and unit variance.",114,No,Fitness late life (F),336
320,fitness.late.life.f,0.4137344385673208,Wong and Holman (in prep),125,Female,Adult,Life history,"Mean number of L1 larvae produced by females aged 17-18 days over a 24h period. For each replicate measurement, 5 DGRP females were housed with standardised mates and opposite-sex competitors (15 males and 10 females, giving an overall population size of 30 and 1:1 sex ratio). Fitness was estimated on the latent scale from a generalised linear mixed model, and is scaled to have a mean of zero and unit variance.",114,No,Fitness late life (F),336
321,fitness.late.life.f,-1.1800657057753785,Wong and Holman (in prep),125,Female,Adult,Life history,"Mean number of L1 larvae produced by females aged 17-18 days over a 24h period. For each replicate measurement, 5 DGRP females were housed with standardised mates and opposite-sex competitors (15 males and 10 females, giving an overall population size of 30 and 1:1 sex ratio). Fitness was estimated on the latent scale from a generalised linear mixed model, and is scaled to have a mean of zero and unit variance.",114,No,Fitness late life (F),336
324,fitness.late.life.f,-0.36493040355434225,Wong and Holman (in prep),125,Female,Adult,Life history,"Mean number of L1 larvae produced by females aged 17-18 days over a 24h period. For each replicate measurement, 5 DGRP females were housed with standardised mates and opposite-sex competitors (15 males and 10 females, giving an overall population size of 30 and 1:1 sex ratio). Fitness was estimated on the latent scale from a generalised linear mixed model, and is scaled to have a mean of zero and unit variance.",114,No,Fitness late life (F),336
332,fitness.late.life.f,-1.406584906392585,Wong and Holman (in prep),125,Female,Adult,Life history,"Mean number of L1 larvae produced by females aged 17-18 days over a 24h period. For each replicate measurement, 5 DGRP females were housed with standardised mates and opposite-sex competitors (15 males and 10 females, giving an overall population size of 30 and 1:1 sex ratio). Fitness was estimated on the latent scale from a generalised linear mixed model, and is scaled to have a mean of zero and unit variance.",114,No,Fitness late life (F),336
338,fitness.late.life.f,-0.01959320261338648,Wong and Holman (in prep),125,Female,Adult,Life history,"Mean number of L1 larvae produced by females aged 17-18 days over a 24h period. For each replicate measurement, 5 DGRP females were housed with standardised mates and opposite-sex competitors (15 males and 10 females, giving an overall population size of 30 and 1:1 sex ratio). Fitness was estimated on the latent scale from a generalised linear mixed model, and is scaled to have a mean of zero and unit variance.",114,No,Fitness late life (F),336
350,fitness.late.life.f,-0.4357256037472411,Wong and Holman (in prep),125,Female,Adult,Life history,"Mean number of L1 larvae produced by females aged 17-18 days over a 24h period. For each replicate measurement, 5 DGRP females were housed with standardised mates and opposite-sex competitors (15 males and 10 females, giving an overall population size of 30 and 1:1 sex ratio). Fitness was estimated on the latent scale from a generalised linear mixed model, and is scaled to have a mean of zero and unit variance.",114,No,Fitness late life (F),336
352,fitness.late.life.f,0.4076004285506072,Wong and Holman (in prep),125,Female,Adult,Life history,"Mean number of L1 larvae produced by females aged 17-18 days over a 24h period. For each replicate measurement, 5 DGRP females were housed with standardised mates and opposite-sex competitors (15 males and 10 females, giving an overall population size of 30 and 1:1 sex ratio). Fitness was estimated on the latent scale from a generalised linear mixed model, and is scaled to have a mean of zero and unit variance.",114,No,Fitness late life (F),336
354,fitness.late.life.f,-1.4291548064540824,Wong and Holman (in prep),125,Female,Adult,Life history,"Mean number of L1 larvae produced by females aged 17-18 days over a 24h period. For each replicate measurement, 5 DGRP females were housed with standardised mates and opposite-sex competitors (15 males and 10 females, giving an overall population size of 30 and 1:1 sex ratio). Fitness was estimated on the latent scale from a generalised linear mixed model, and is scaled to have a mean of zero and unit variance.",114,No,Fitness late life (F),336
356,fitness.late.life.f,-0.2520898032468804,Wong and Holman (in prep),125,Female,Adult,Life history,"Mean number of L1 larvae produced by females aged 17-18 days over a 24h period. For each replicate measurement, 5 DGRP females were housed with standardised mates and opposite-sex competitors (15 males and 10 females, giving an overall population size of 30 and 1:1 sex ratio). Fitness was estimated on the latent scale from a generalised linear mixed model, and is scaled to have a mean of zero and unit variance.",114,No,Fitness late life (F),336
357,fitness.late.life.f,0.8487814097527129,Wong and Holman (in prep),125,Female,Adult,Life history,"Mean number of L1 larvae produced by females aged 17-18 days over a 24h period. For each replicate measurement, 5 DGRP females were housed with standardised mates and opposite-sex competitors (15 males and 10 females, giving an overall population size of 30 and 1:1 sex ratio). Fitness was estimated on the latent scale from a generalised linear mixed model, and is scaled to have a mean of zero and unit variance.",114,No,Fitness late life (F),336
360,fitness.late.life.f,0.4294522286101478,Wong and Holman (in prep),125,Female,Adult,Life history,"Mean number of L1 larvae produced by females aged 17-18 days over a 24h period. For each replicate measurement, 5 DGRP females were housed with standardised mates and opposite-sex competitors (15 males and 10 females, giving an overall population size of 30 and 1:1 sex ratio). Fitness was estimated on the latent scale from a generalised linear mixed model, and is scaled to have a mean of zero and unit variance.",114,No,Fitness late life (F),336
361,fitness.late.life.f,0.15707920786800078,Wong and Holman (in prep),125,Female,Adult,Life history,"Mean number of L1 larvae produced by females aged 17-18 days over a 24h period. For each replicate measurement, 5 DGRP females were housed with standardised mates and opposite-sex competitors (15 males and 10 females, giving an overall population size of 30 and 1:1 sex ratio). Fitness was estimated on the latent scale from a generalised linear mixed model, and is scaled to have a mean of zero and unit variance.",114,No,Fitness late life (F),336
362,fitness.late.life.f,-0.8772331049502364,Wong and Holman (in prep),125,Female,Adult,Life history,"Mean number of L1 larvae produced by females aged 17-18 days over a 24h period. For each replicate measurement, 5 DGRP females were housed with standardised mates and opposite-sex competitors (15 males and 10 females, giving an overall population size of 30 and 1:1 sex ratio). Fitness was estimated on the latent scale from a generalised linear mixed model, and is scaled to have a mean of zero and unit variance.",114,No,Fitness late life (F),336
367,fitness.late.life.f,-1.0990590055546554,Wong and Holman (in prep),125,Female,Adult,Life history,"Mean number of L1 larvae produced by females aged 17-18 days over a 24h period. For each replicate measurement, 5 DGRP females were housed with standardised mates and opposite-sex competitors (15 males and 10 females, giving an overall population size of 30 and 1:1 sex ratio). Fitness was estimated on the latent scale from a generalised linear mixed model, and is scaled to have a mean of zero and unit variance.",114,No,Fitness late life (F),336
370,fitness.late.life.f,-1.1409638056688354,Wong and Holman (in prep),125,Female,Adult,Life history,"Mean number of L1 larvae produced by females aged 17-18 days over a 24h period. For each replicate measurement, 5 DGRP females were housed with standardised mates and opposite-sex competitors (15 males and 10 females, giving an overall population size of 30 and 1:1 sex ratio). Fitness was estimated on the latent scale from a generalised linear mixed model, and is scaled to have a mean of zero and unit variance.",114,No,Fitness late life (F),336
371,fitness.late.life.f,-0.09136320280894145,Wong and Holman (in prep),125,Female,Adult,Life history,"Mean number of L1 larvae produced by females aged 17-18 days over a 24h period. For each replicate measurement, 5 DGRP females were housed with standardised mates and opposite-sex competitors (15 males and 10 females, giving an overall population size of 30 and 1:1 sex ratio). Fitness was estimated on the latent scale from a generalised linear mixed model, and is scaled to have a mean of zero and unit variance.",114,No,Fitness late life (F),336
373,fitness.late.life.f,0.03833794754446112,Wong and Holman (in prep),125,Female,Adult,Life history,"Mean number of L1 larvae produced by females aged 17-18 days over a 24h period. For each replicate measurement, 5 DGRP females were housed with standardised mates and opposite-sex competitors (15 males and 10 females, giving an overall population size of 30 and 1:1 sex ratio). Fitness was estimated on the latent scale from a generalised linear mixed model, and is scaled to have a mean of zero and unit variance.",114,No,Fitness late life (F),336
375,fitness.late.life.f,-0.055388302710919,Wong and Holman (in prep),125,Female,Adult,Life history,"Mean number of L1 larvae produced by females aged 17-18 days over a 24h period. For each replicate measurement, 5 DGRP females were housed with standardised mates and opposite-sex competitors (15 males and 10 females, giving an overall population size of 30 and 1:1 sex ratio). Fitness was estimated on the latent scale from a generalised linear mixed model, and is scaled to have a mean of zero and unit variance.",114,No,Fitness late life (F),336
379,fitness.late.life.f,0.7720248595435709,Wong and Holman (in prep),125,Female,Adult,Life history,"Mean number of L1 larvae produced by females aged 17-18 days over a 24h period. For each replicate measurement, 5 DGRP females were housed with standardised mates and opposite-sex competitors (15 males and 10 females, giving an overall population size of 30 and 1:1 sex ratio). Fitness was estimated on the latent scale from a generalised linear mixed model, and is scaled to have a mean of zero and unit variance.",114,No,Fitness late life (F),336
380,fitness.late.life.f,1.1456520505616097,Wong and Holman (in prep),125,Female,Adult,Life history,"Mean number of L1 larvae produced by females aged 17-18 days over a 24h period. For each replicate measurement, 5 DGRP females were housed with standardised mates and opposite-sex competitors (15 males and 10 females, giving an overall population size of 30 and 1:1 sex ratio). Fitness was estimated on the latent scale from a generalised linear mixed model, and is scaled to have a mean of zero and unit variance.",114,No,Fitness late life (F),336
382,fitness.late.life.f,-1.9850133079686552,Wong and Holman (in prep),125,Female,Adult,Life history,"Mean number of L1 larvae produced by females aged 17-18 days over a 24h period. For each replicate measurement, 5 DGRP females were housed with standardised mates and opposite-sex competitors (15 males and 10 females, giving an overall population size of 30 and 1:1 sex ratio). Fitness was estimated on the latent scale from a generalised linear mixed model, and is scaled to have a mean of zero and unit variance.",114,No,Fitness late life (F),336
383,fitness.late.life.f,-1.2869260060665453,Wong and Holman (in prep),125,Female,Adult,Life history,"Mean number of L1 larvae produced by females aged 17-18 days over a 24h period. For each replicate measurement, 5 DGRP females were housed with standardised mates and opposite-sex competitors (15 males and 10 females, giving an overall population size of 30 and 1:1 sex ratio). Fitness was estimated on the latent scale from a generalised linear mixed model, and is scaled to have a mean of zero and unit variance.",114,No,Fitness late life (F),336
385,fitness.late.life.f,-0.07457440276319623,Wong and Holman (in prep),125,Female,Adult,Life history,"Mean number of L1 larvae produced by females aged 17-18 days over a 24h period. For each replicate measurement, 5 DGRP females were housed with standardised mates and opposite-sex competitors (15 males and 10 females, giving an overall population size of 30 and 1:1 sex ratio). Fitness was estimated on the latent scale from a generalised linear mixed model, and is scaled to have a mean of zero and unit variance.",114,No,Fitness late life (F),336
391,fitness.late.life.f,0.35598950840998067,Wong and Holman (in prep),125,Female,Adult,Life history,"Mean number of L1 larvae produced by females aged 17-18 days over a 24h period. For each replicate measurement, 5 DGRP females were housed with standardised mates and opposite-sex competitors (15 males and 10 females, giving an overall population size of 30 and 1:1 sex ratio). Fitness was estimated on the latent scale from a generalised linear mixed model, and is scaled to have a mean of zero and unit variance.",114,No,Fitness late life (F),336
392,fitness.late.life.f,0.2178110580334796,Wong and Holman (in prep),125,Female,Adult,Life history,"Mean number of L1 larvae produced by females aged 17-18 days over a 24h period. For each replicate measurement, 5 DGRP females were housed with standardised mates and opposite-sex competitors (15 males and 10 females, giving an overall population size of 30 and 1:1 sex ratio). Fitness was estimated on the latent scale from a generalised linear mixed model, and is scaled to have a mean of zero and unit variance.",114,No,Fitness late life (F),336
395,fitness.late.life.f,-0.8894833049836152,Wong and Holman (in prep),125,Female,Adult,Life history,"Mean number of L1 larvae produced by females aged 17-18 days over a 24h period. For each replicate measurement, 5 DGRP females were housed with standardised mates and opposite-sex competitors (15 males and 10 females, giving an overall population size of 30 and 1:1 sex ratio). Fitness was estimated on the latent scale from a generalised linear mixed model, and is scaled to have a mean of zero and unit variance.",114,No,Fitness late life (F),336
397,fitness.late.life.f,-3.2401842113886756,Wong and Holman (in prep),125,Female,Adult,Life history,"Mean number of L1 larvae produced by females aged 17-18 days over a 24h period. For each replicate measurement, 5 DGRP females were housed with standardised mates and opposite-sex competitors (15 males and 10 females, giving an overall population size of 30 and 1:1 sex ratio). Fitness was estimated on the latent scale from a generalised linear mixed model, and is scaled to have a mean of zero and unit variance.",114,No,Fitness late life (F),336
399,fitness.late.life.f,-1.1162910056016082,Wong and Holman (in prep),125,Female,Adult,Life history,"Mean number of L1 larvae produced by females aged 17-18 days over a 24h period. For each replicate measurement, 5 DGRP females were housed with standardised mates and opposite-sex competitors (15 males and 10 females, giving an overall population size of 30 and 1:1 sex ratio). Fitness was estimated on the latent scale from a generalised linear mixed model, and is scaled to have a mean of zero and unit variance.",114,No,Fitness late life (F),336
405,fitness.late.life.f,0.95320118003723,Wong and Holman (in prep),125,Female,Adult,Life history,"Mean number of L1 larvae produced by females aged 17-18 days over a 24h period. For each replicate measurement, 5 DGRP females were housed with standardised mates and opposite-sex competitors (15 males and 10 females, giving an overall population size of 30 and 1:1 sex ratio). Fitness was estimated on the latent scale from a generalised linear mixed model, and is scaled to have a mean of zero and unit variance.",114,No,Fitness late life (F),336
406,fitness.late.life.f,-0.6017603041996434,Wong and Holman (in prep),125,Female,Adult,Life history,"Mean number of L1 larvae produced by females aged 17-18 days over a 24h period. For each replicate measurement, 5 DGRP females were housed with standardised mates and opposite-sex competitors (15 males and 10 females, giving an overall population size of 30 and 1:1 sex ratio). Fitness was estimated on the latent scale from a generalised linear mixed model, and is scaled to have a mean of zero and unit variance.",114,No,Fitness late life (F),336
427,fitness.late.life.f,-0.6386235043000862,Wong and Holman (in prep),125,Female,Adult,Life history,"Mean number of L1 larvae produced by females aged 17-18 days over a 24h period. For each replicate measurement, 5 DGRP females were housed with standardised mates and opposite-sex competitors (15 males and 10 females, giving an overall population size of 30 and 1:1 sex ratio). Fitness was estimated on the latent scale from a generalised linear mixed model, and is scaled to have a mean of zero and unit variance.",114,No,Fitness late life (F),336
437,fitness.late.life.f,-2.002096208015202,Wong and Holman (in prep),125,Female,Adult,Life history,"Mean number of L1 larvae produced by females aged 17-18 days over a 24h period. For each replicate measurement, 5 DGRP females were housed with standardised mates and opposite-sex competitors (15 males and 10 females, giving an overall population size of 30 and 1:1 sex ratio). Fitness was estimated on the latent scale from a generalised linear mixed model, and is scaled to have a mean of zero and unit variance.",114,No,Fitness late life (F),336
439,fitness.late.life.f,-0.07620410276763674,Wong and Holman (in prep),125,Female,Adult,Life history,"Mean number of L1 larvae produced by females aged 17-18 days over a 24h period. For each replicate measurement, 5 DGRP females were housed with standardised mates and opposite-sex competitors (15 males and 10 females, giving an overall population size of 30 and 1:1 sex ratio). Fitness was estimated on the latent scale from a generalised linear mixed model, and is scaled to have a mean of zero and unit variance.",114,No,Fitness late life (F),336
440,fitness.late.life.f,1.0122623101981567,Wong and Holman (in prep),125,Female,Adult,Life history,"Mean number of L1 larvae produced by females aged 17-18 days over a 24h period. For each replicate measurement, 5 DGRP females were housed with standardised mates and opposite-sex competitors (15 males and 10 females, giving an overall population size of 30 and 1:1 sex ratio). Fitness was estimated on the latent scale from a generalised linear mixed model, and is scaled to have a mean of zero and unit variance.",114,No,Fitness late life (F),336
441,fitness.late.life.f,0.4212135085876994,Wong and Holman (in prep),125,Female,Adult,Life history,"Mean number of L1 larvae produced by females aged 17-18 days over a 24h period. For each replicate measurement, 5 DGRP females were housed with standardised mates and opposite-sex competitors (15 males and 10 females, giving an overall population size of 30 and 1:1 sex ratio). Fitness was estimated on the latent scale from a generalised linear mixed model, and is scaled to have a mean of zero and unit variance.",114,No,Fitness late life (F),336
443,fitness.late.life.f,0.7807250695672767,Wong and Holman (in prep),125,Female,Adult,Life history,"Mean number of L1 larvae produced by females aged 17-18 days over a 24h period. For each replicate measurement, 5 DGRP females were housed with standardised mates and opposite-sex competitors (15 males and 10 females, giving an overall population size of 30 and 1:1 sex ratio). Fitness was estimated on the latent scale from a generalised linear mixed model, and is scaled to have a mean of zero and unit variance.",114,No,Fitness late life (F),336
461,fitness.late.life.f,0.9468668200199706,Wong and Holman (in prep),125,Female,Adult,Life history,"Mean number of L1 larvae produced by females aged 17-18 days over a 24h period. For each replicate measurement, 5 DGRP females were housed with standardised mates and opposite-sex competitors (15 males and 10 females, giving an overall population size of 30 and 1:1 sex ratio). Fitness was estimated on the latent scale from a generalised linear mixed model, and is scaled to have a mean of zero and unit variance.",114,No,Fitness late life (F),336
486,fitness.late.life.f,-0.2305804031882728,Wong and Holman (in prep),125,Female,Adult,Life history,"Mean number of L1 larvae produced by females aged 17-18 days over a 24h period. For each replicate measurement, 5 DGRP females were housed with standardised mates and opposite-sex competitors (15 males and 10 females, giving an overall population size of 30 and 1:1 sex ratio). Fitness was estimated on the latent scale from a generalised linear mixed model, and is scaled to have a mean of zero and unit variance.",114,No,Fitness late life (F),336
491,fitness.late.life.f,0.08142437766186067,Wong and Holman (in prep),125,Female,Adult,Life history,"Mean number of L1 larvae produced by females aged 17-18 days over a 24h period. For each replicate measurement, 5 DGRP females were housed with standardised mates and opposite-sex competitors (15 males and 10 females, giving an overall population size of 30 and 1:1 sex ratio). Fitness was estimated on the latent scale from a generalised linear mixed model, and is scaled to have a mean of zero and unit variance.",114,No,Fitness late life (F),336
502,fitness.late.life.f,0.2932844482391253,Wong and Holman (in prep),125,Female,Adult,Life history,"Mean number of L1 larvae produced by females aged 17-18 days over a 24h period. For each replicate measurement, 5 DGRP females were housed with standardised mates and opposite-sex competitors (15 males and 10 females, giving an overall population size of 30 and 1:1 sex ratio). Fitness was estimated on the latent scale from a generalised linear mixed model, and is scaled to have a mean of zero and unit variance.",114,No,Fitness late life (F),336
509,fitness.late.life.f,-0.5001079039226666,Wong and Holman (in prep),125,Female,Adult,Life history,"Mean number of L1 larvae produced by females aged 17-18 days over a 24h period. For each replicate measurement, 5 DGRP females were housed with standardised mates and opposite-sex competitors (15 males and 10 females, giving an overall population size of 30 and 1:1 sex ratio). Fitness was estimated on the latent scale from a generalised linear mixed model, and is scaled to have a mean of zero and unit variance.",114,No,Fitness late life (F),336
513,fitness.late.life.f,-0.26700890328753113,Wong and Holman (in prep),125,Female,Adult,Life history,"Mean number of L1 larvae produced by females aged 17-18 days over a 24h period. For each replicate measurement, 5 DGRP females were housed with standardised mates and opposite-sex competitors (15 males and 10 females, giving an overall population size of 30 and 1:1 sex ratio). Fitness was estimated on the latent scale from a generalised linear mixed model, and is scaled to have a mean of zero and unit variance.",114,No,Fitness late life (F),336
517,fitness.late.life.f,-0.3815140035995283,Wong and Holman (in prep),125,Female,Adult,Life history,"Mean number of L1 larvae produced by females aged 17-18 days over a 24h period. For each replicate measurement, 5 DGRP females were housed with standardised mates and opposite-sex competitors (15 males and 10 females, giving an overall population size of 30 and 1:1 sex ratio). Fitness was estimated on the latent scale from a generalised linear mixed model, and is scaled to have a mean of zero and unit variance.",114,No,Fitness late life (F),336
530,fitness.late.life.f,0.6510755292140148,Wong and Holman (in prep),125,Female,Adult,Life history,"Mean number of L1 larvae produced by females aged 17-18 days over a 24h period. For each replicate measurement, 5 DGRP females were housed with standardised mates and opposite-sex competitors (15 males and 10 females, giving an overall population size of 30 and 1:1 sex ratio). Fitness was estimated on the latent scale from a generalised linear mixed model, and is scaled to have a mean of zero and unit variance.",114,No,Fitness late life (F),336
531,fitness.late.life.f,-3.0576249108912483,Wong and Holman (in prep),125,Female,Adult,Life history,"Mean number of L1 larvae produced by females aged 17-18 days over a 24h period. For each replicate measurement, 5 DGRP females were housed with standardised mates and opposite-sex competitors (15 males and 10 females, giving an overall population size of 30 and 1:1 sex ratio). Fitness was estimated on the latent scale from a generalised linear mixed model, and is scaled to have a mean of zero and unit variance.",114,No,Fitness late life (F),336
535,fitness.late.life.f,1.120012000491747,Wong and Holman (in prep),125,Female,Adult,Life history,"Mean number of L1 larvae produced by females aged 17-18 days over a 24h period. For each replicate measurement, 5 DGRP females were housed with standardised mates and opposite-sex competitors (15 males and 10 females, giving an overall population size of 30 and 1:1 sex ratio). Fitness was estimated on the latent scale from a generalised linear mixed model, and is scaled to have a mean of zero and unit variance.",114,No,Fitness late life (F),336
584,fitness.late.life.f,1.1496250905724352,Wong and Holman (in prep),125,Female,Adult,Life history,"Mean number of L1 larvae produced by females aged 17-18 days over a 24h period. For each replicate measurement, 5 DGRP females were housed with standardised mates and opposite-sex competitors (15 males and 10 females, giving an overall population size of 30 and 1:1 sex ratio). Fitness was estimated on the latent scale from a generalised linear mixed model, and is scaled to have a mean of zero and unit variance.",114,No,Fitness late life (F),336
589,fitness.late.life.f,0.1857133579460215,Wong and Holman (in prep),125,Female,Adult,Life history,"Mean number of L1 larvae produced by females aged 17-18 days over a 24h period. For each replicate measurement, 5 DGRP females were housed with standardised mates and opposite-sex competitors (15 males and 10 females, giving an overall population size of 30 and 1:1 sex ratio). Fitness was estimated on the latent scale from a generalised linear mixed model, and is scaled to have a mean of zero and unit variance.",114,No,Fitness late life (F),336
596,fitness.late.life.f,0.4104803685584543,Wong and Holman (in prep),125,Female,Adult,Life history,"Mean number of L1 larvae produced by females aged 17-18 days over a 24h period. For each replicate measurement, 5 DGRP females were housed with standardised mates and opposite-sex competitors (15 males and 10 females, giving an overall population size of 30 and 1:1 sex ratio). Fitness was estimated on the latent scale from a generalised linear mixed model, and is scaled to have a mean of zero and unit variance.",114,No,Fitness late life (F),336
703,fitness.late.life.f,-0.2273917031795844,Wong and Holman (in prep),125,Female,Adult,Life history,"Mean number of L1 larvae produced by females aged 17-18 days over a 24h period. For each replicate measurement, 5 DGRP females were housed with standardised mates and opposite-sex competitors (15 males and 10 females, giving an overall population size of 30 and 1:1 sex ratio). Fitness was estimated on the latent scale from a generalised linear mixed model, and is scaled to have a mean of zero and unit variance.",114,No,Fitness late life (F),336
705,fitness.late.life.f,-0.3688008035648881,Wong and Holman (in prep),125,Female,Adult,Life history,"Mean number of L1 larvae produced by females aged 17-18 days over a 24h period. For each replicate measurement, 5 DGRP females were housed with standardised mates and opposite-sex competitors (15 males and 10 females, giving an overall population size of 30 and 1:1 sex ratio). Fitness was estimated on the latent scale from a generalised linear mixed model, and is scaled to have a mean of zero and unit variance.",114,No,Fitness late life (F),336
707,fitness.late.life.f,0.18417428794182797,Wong and Holman (in prep),125,Female,Adult,Life history,"Mean number of L1 larvae produced by females aged 17-18 days over a 24h period. For each replicate measurement, 5 DGRP females were housed with standardised mates and opposite-sex competitors (15 males and 10 females, giving an overall population size of 30 and 1:1 sex ratio). Fitness was estimated on the latent scale from a generalised linear mixed model, and is scaled to have a mean of zero and unit variance.",114,No,Fitness late life (F),336
712,fitness.late.life.f,1.4047958012677104,Wong and Holman (in prep),125,Female,Adult,Life history,"Mean number of L1 larvae produced by females aged 17-18 days over a 24h period. For each replicate measurement, 5 DGRP females were housed with standardised mates and opposite-sex competitors (15 males and 10 females, giving an overall population size of 30 and 1:1 sex ratio). Fitness was estimated on the latent scale from a generalised linear mixed model, and is scaled to have a mean of zero and unit variance.",114,No,Fitness late life (F),336
716,fitness.late.life.f,-1.7171567072388143,Wong and Holman (in prep),125,Female,Adult,Life history,"Mean number of L1 larvae produced by females aged 17-18 days over a 24h period. For each replicate measurement, 5 DGRP females were housed with standardised mates and opposite-sex competitors (15 males and 10 females, giving an overall population size of 30 and 1:1 sex ratio). Fitness was estimated on the latent scale from a generalised linear mixed model, and is scaled to have a mean of zero and unit variance.",114,No,Fitness late life (F),336
721,fitness.late.life.f,0.332021528344674,Wong and Holman (in prep),125,Female,Adult,Life history,"Mean number of L1 larvae produced by females aged 17-18 days over a 24h period. For each replicate measurement, 5 DGRP females were housed with standardised mates and opposite-sex competitors (15 males and 10 females, giving an overall population size of 30 and 1:1 sex ratio). Fitness was estimated on the latent scale from a generalised linear mixed model, and is scaled to have a mean of zero and unit variance.",114,No,Fitness late life (F),336
732,fitness.late.life.f,0.7867189595836085,Wong and Holman (in prep),125,Female,Adult,Life history,"Mean number of L1 larvae produced by females aged 17-18 days over a 24h period. For each replicate measurement, 5 DGRP females were housed with standardised mates and opposite-sex competitors (15 males and 10 females, giving an overall population size of 30 and 1:1 sex ratio). Fitness was estimated on the latent scale from a generalised linear mixed model, and is scaled to have a mean of zero and unit variance.",114,No,Fitness late life (F),336
738,fitness.late.life.f,0.9075018499127112,Wong and Holman (in prep),125,Female,Adult,Life history,"Mean number of L1 larvae produced by females aged 17-18 days over a 24h period. For each replicate measurement, 5 DGRP females were housed with standardised mates and opposite-sex competitors (15 males and 10 females, giving an overall population size of 30 and 1:1 sex ratio). Fitness was estimated on the latent scale from a generalised linear mixed model, and is scaled to have a mean of zero and unit variance.",114,No,Fitness late life (F),336
748,fitness.late.life.f,0.5882914390429441,Wong and Holman (in prep),125,Female,Adult,Life history,"Mean number of L1 larvae produced by females aged 17-18 days over a 24h period. For each replicate measurement, 5 DGRP females were housed with standardised mates and opposite-sex competitors (15 males and 10 females, giving an overall population size of 30 and 1:1 sex ratio). Fitness was estimated on the latent scale from a generalised linear mixed model, and is scaled to have a mean of zero and unit variance.",114,No,Fitness late life (F),336
757,fitness.late.life.f,-0.3172098034243158,Wong and Holman (in prep),125,Female,Adult,Life history,"Mean number of L1 larvae produced by females aged 17-18 days over a 24h period. For each replicate measurement, 5 DGRP females were housed with standardised mates and opposite-sex competitors (15 males and 10 females, giving an overall population size of 30 and 1:1 sex ratio). Fitness was estimated on the latent scale from a generalised linear mixed model, and is scaled to have a mean of zero and unit variance.",114,No,Fitness late life (F),336
761,fitness.late.life.f,0.9692051000808368,Wong and Holman (in prep),125,Female,Adult,Life history,"Mean number of L1 larvae produced by females aged 17-18 days over a 24h period. For each replicate measurement, 5 DGRP females were housed with standardised mates and opposite-sex competitors (15 males and 10 females, giving an overall population size of 30 and 1:1 sex ratio). Fitness was estimated on the latent scale from a generalised linear mixed model, and is scaled to have a mean of zero and unit variance.",114,No,Fitness late life (F),336
765,fitness.late.life.f,-0.7406544045780944,Wong and Holman (in prep),125,Female,Adult,Life history,"Mean number of L1 larvae produced by females aged 17-18 days over a 24h period. For each replicate measurement, 5 DGRP females were housed with standardised mates and opposite-sex competitors (15 males and 10 females, giving an overall population size of 30 and 1:1 sex ratio). Fitness was estimated on the latent scale from a generalised linear mixed model, and is scaled to have a mean of zero and unit variance.",114,No,Fitness late life (F),336
776,fitness.late.life.f,-1.2697263060196804,Wong and Holman (in prep),125,Female,Adult,Life history,"Mean number of L1 larvae produced by females aged 17-18 days over a 24h period. For each replicate measurement, 5 DGRP females were housed with standardised mates and opposite-sex competitors (15 males and 10 females, giving an overall population size of 30 and 1:1 sex ratio). Fitness was estimated on the latent scale from a generalised linear mixed model, and is scaled to have a mean of zero and unit variance.",114,No,Fitness late life (F),336
783,fitness.late.life.f,0.9205513299482676,Wong and Holman (in prep),125,Female,Adult,Life history,"Mean number of L1 larvae produced by females aged 17-18 days over a 24h period. For each replicate measurement, 5 DGRP females were housed with standardised mates and opposite-sex competitors (15 males and 10 females, giving an overall population size of 30 and 1:1 sex ratio). Fitness was estimated on the latent scale from a generalised linear mixed model, and is scaled to have a mean of zero and unit variance.",114,No,Fitness late life (F),336
787,fitness.late.life.f,-0.25333630325027684,Wong and Holman (in prep),125,Female,Adult,Life history,"Mean number of L1 larvae produced by females aged 17-18 days over a 24h period. For each replicate measurement, 5 DGRP females were housed with standardised mates and opposite-sex competitors (15 males and 10 females, giving an overall population size of 30 and 1:1 sex ratio). Fitness was estimated on the latent scale from a generalised linear mixed model, and is scaled to have a mean of zero and unit variance.",114,No,Fitness late life (F),336
790,fitness.late.life.f,-1.2453112059531557,Wong and Holman (in prep),125,Female,Adult,Life history,"Mean number of L1 larvae produced by females aged 17-18 days over a 24h period. For each replicate measurement, 5 DGRP females were housed with standardised mates and opposite-sex competitors (15 males and 10 females, giving an overall population size of 30 and 1:1 sex ratio). Fitness was estimated on the latent scale from a generalised linear mixed model, and is scaled to have a mean of zero and unit variance.",114,No,Fitness late life (F),336
796,fitness.late.life.f,0.4557369986817671,Wong and Holman (in prep),125,Female,Adult,Life history,"Mean number of L1 larvae produced by females aged 17-18 days over a 24h period. For each replicate measurement, 5 DGRP females were housed with standardised mates and opposite-sex competitors (15 males and 10 females, giving an overall population size of 30 and 1:1 sex ratio). Fitness was estimated on the latent scale from a generalised linear mixed model, and is scaled to have a mean of zero and unit variance.",114,No,Fitness late life (F),336
801,fitness.late.life.f,-0.2385130032098871,Wong and Holman (in prep),125,Female,Adult,Life history,"Mean number of L1 larvae produced by females aged 17-18 days over a 24h period. For each replicate measurement, 5 DGRP females were housed with standardised mates and opposite-sex competitors (15 males and 10 females, giving an overall population size of 30 and 1:1 sex ratio). Fitness was estimated on the latent scale from a generalised linear mixed model, and is scaled to have a mean of zero and unit variance.",114,No,Fitness late life (F),336
802,fitness.late.life.f,1.2710607709033166,Wong and Holman (in prep),125,Female,Adult,Life history,"Mean number of L1 larvae produced by females aged 17-18 days over a 24h period. For each replicate measurement, 5 DGRP females were housed with standardised mates and opposite-sex competitors (15 males and 10 females, giving an overall population size of 30 and 1:1 sex ratio). Fitness was estimated on the latent scale from a generalised linear mixed model, and is scaled to have a mean of zero and unit variance.",114,No,Fitness late life (F),336
804,fitness.late.life.f,-0.924712605079606,Wong and Holman (in prep),125,Female,Adult,Life history,"Mean number of L1 larvae produced by females aged 17-18 days over a 24h period. For each replicate measurement, 5 DGRP females were housed with standardised mates and opposite-sex competitors (15 males and 10 females, giving an overall population size of 30 and 1:1 sex ratio). Fitness was estimated on the latent scale from a generalised linear mixed model, and is scaled to have a mean of zero and unit variance.",114,No,Fitness late life (F),336
805,fitness.late.life.f,0.5567178289569141,Wong and Holman (in prep),125,Female,Adult,Life history,"Mean number of L1 larvae produced by females aged 17-18 days over a 24h period. For each replicate measurement, 5 DGRP females were housed with standardised mates and opposite-sex competitors (15 males and 10 females, giving an overall population size of 30 and 1:1 sex ratio). Fitness was estimated on the latent scale from a generalised linear mixed model, and is scaled to have a mean of zero and unit variance.",114,No,Fitness late life (F),336
808,fitness.late.life.f,0.9522290700345816,Wong and Holman (in prep),125,Female,Adult,Life history,"Mean number of L1 larvae produced by females aged 17-18 days over a 24h period. For each replicate measurement, 5 DGRP females were housed with standardised mates and opposite-sex competitors (15 males and 10 females, giving an overall population size of 30 and 1:1 sex ratio). Fitness was estimated on the latent scale from a generalised linear mixed model, and is scaled to have a mean of zero and unit variance.",114,No,Fitness late life (F),336
810,fitness.late.life.f,-0.4518440037911597,Wong and Holman (in prep),125,Female,Adult,Life history,"Mean number of L1 larvae produced by females aged 17-18 days over a 24h period. For each replicate measurement, 5 DGRP females were housed with standardised mates and opposite-sex competitors (15 males and 10 females, giving an overall population size of 30 and 1:1 sex ratio). Fitness was estimated on the latent scale from a generalised linear mixed model, and is scaled to have a mean of zero and unit variance.",114,No,Fitness late life (F),336
820,fitness.late.life.f,1.4453189413781256,Wong and Holman (in prep),125,Female,Adult,Life history,"Mean number of L1 larvae produced by females aged 17-18 days over a 24h period. For each replicate measurement, 5 DGRP females were housed with standardised mates and opposite-sex competitors (15 males and 10 females, giving an overall population size of 30 and 1:1 sex ratio). Fitness was estimated on the latent scale from a generalised linear mixed model, and is scaled to have a mean of zero and unit variance.",114,No,Fitness late life (F),336
821,fitness.late.life.f,0.6936538993300301,Wong and Holman (in prep),125,Female,Adult,Life history,"Mean number of L1 larvae produced by females aged 17-18 days over a 24h period. For each replicate measurement, 5 DGRP females were housed with standardised mates and opposite-sex competitors (15 males and 10 females, giving an overall population size of 30 and 1:1 sex ratio). Fitness was estimated on the latent scale from a generalised linear mixed model, and is scaled to have a mean of zero and unit variance.",114,No,Fitness late life (F),336
832,fitness.late.life.f,-0.812844504774794,Wong and Holman (in prep),125,Female,Adult,Life history,"Mean number of L1 larvae produced by females aged 17-18 days over a 24h period. For each replicate measurement, 5 DGRP females were housed with standardised mates and opposite-sex competitors (15 males and 10 females, giving an overall population size of 30 and 1:1 sex ratio). Fitness was estimated on the latent scale from a generalised linear mixed model, and is scaled to have a mean of zero and unit variance.",114,No,Fitness late life (F),336
837,fitness.late.life.f,0.455627598681469,Wong and Holman (in prep),125,Female,Adult,Life history,"Mean number of L1 larvae produced by females aged 17-18 days over a 24h period. For each replicate measurement, 5 DGRP females were housed with standardised mates and opposite-sex competitors (15 males and 10 females, giving an overall population size of 30 and 1:1 sex ratio). Fitness was estimated on the latent scale from a generalised linear mixed model, and is scaled to have a mean of zero and unit variance.",114,No,Fitness late life (F),336
843,fitness.late.life.f,-0.8786972049542258,Wong and Holman (in prep),125,Female,Adult,Life history,"Mean number of L1 larvae produced by females aged 17-18 days over a 24h period. For each replicate measurement, 5 DGRP females were housed with standardised mates and opposite-sex competitors (15 males and 10 females, giving an overall population size of 30 and 1:1 sex ratio). Fitness was estimated on the latent scale from a generalised linear mixed model, and is scaled to have a mean of zero and unit variance.",114,No,Fitness late life (F),336
850,fitness.late.life.f,-0.05644390271379524,Wong and Holman (in prep),125,Female,Adult,Life history,"Mean number of L1 larvae produced by females aged 17-18 days over a 24h period. For each replicate measurement, 5 DGRP females were housed with standardised mates and opposite-sex competitors (15 males and 10 females, giving an overall population size of 30 and 1:1 sex ratio). Fitness was estimated on the latent scale from a generalised linear mixed model, and is scaled to have a mean of zero and unit variance.",114,No,Fitness late life (F),336
852,fitness.late.life.f,0.6993066693454324,Wong and Holman (in prep),125,Female,Adult,Life history,"Mean number of L1 larvae produced by females aged 17-18 days over a 24h period. For each replicate measurement, 5 DGRP females were housed with standardised mates and opposite-sex competitors (15 males and 10 females, giving an overall population size of 30 and 1:1 sex ratio). Fitness was estimated on the latent scale from a generalised linear mixed model, and is scaled to have a mean of zero and unit variance.",114,No,Fitness late life (F),336
853,fitness.late.life.f,1.5983828217951856,Wong and Holman (in prep),125,Female,Adult,Life history,"Mean number of L1 larvae produced by females aged 17-18 days over a 24h period. For each replicate measurement, 5 DGRP females were housed with standardised mates and opposite-sex competitors (15 males and 10 females, giving an overall population size of 30 and 1:1 sex ratio). Fitness was estimated on the latent scale from a generalised linear mixed model, and is scaled to have a mean of zero and unit variance.",114,No,Fitness late life (F),336
859,fitness.late.life.f,0.19762082797846636,Wong and Holman (in prep),125,Female,Adult,Life history,"Mean number of L1 larvae produced by females aged 17-18 days over a 24h period. For each replicate measurement, 5 DGRP females were housed with standardised mates and opposite-sex competitors (15 males and 10 females, giving an overall population size of 30 and 1:1 sex ratio). Fitness was estimated on the latent scale from a generalised linear mixed model, and is scaled to have a mean of zero and unit variance.",114,No,Fitness late life (F),336
879,fitness.late.life.f,-0.6977427044611709,Wong and Holman (in prep),125,Female,Adult,Life history,"Mean number of L1 larvae produced by females aged 17-18 days over a 24h period. For each replicate measurement, 5 DGRP females were housed with standardised mates and opposite-sex competitors (15 males and 10 females, giving an overall population size of 30 and 1:1 sex ratio). Fitness was estimated on the latent scale from a generalised linear mixed model, and is scaled to have a mean of zero and unit variance.",114,No,Fitness late life (F),336
882,fitness.late.life.f,-2.3410669089388105,Wong and Holman (in prep),125,Female,Adult,Life history,"Mean number of L1 larvae produced by females aged 17-18 days over a 24h period. For each replicate measurement, 5 DGRP females were housed with standardised mates and opposite-sex competitors (15 males and 10 females, giving an overall population size of 30 and 1:1 sex ratio). Fitness was estimated on the latent scale from a generalised linear mixed model, and is scaled to have a mean of zero and unit variance.",114,No,Fitness late life (F),336
897,fitness.late.life.f,-1.5947311069052357,Wong and Holman (in prep),125,Female,Adult,Life history,"Mean number of L1 larvae produced by females aged 17-18 days over a 24h period. For each replicate measurement, 5 DGRP females were housed with standardised mates and opposite-sex competitors (15 males and 10 females, giving an overall population size of 30 and 1:1 sex ratio). Fitness was estimated on the latent scale from a generalised linear mixed model, and is scaled to have a mean of zero and unit variance.",114,No,Fitness late life (F),336
900,fitness.late.life.f,2.0235466729536484,Wong and Holman (in prep),125,Female,Adult,Life history,"Mean number of L1 larvae produced by females aged 17-18 days over a 24h period. For each replicate measurement, 5 DGRP females were housed with standardised mates and opposite-sex competitors (15 males and 10 females, giving an overall population size of 30 and 1:1 sex ratio). Fitness was estimated on the latent scale from a generalised linear mixed model, and is scaled to have a mean of zero and unit variance.",114,No,Fitness late life (F),336
907,fitness.late.life.f,0.6056528490902496,Wong and Holman (in prep),125,Female,Adult,Life history,"Mean number of L1 larvae produced by females aged 17-18 days over a 24h period. For each replicate measurement, 5 DGRP females were housed with standardised mates and opposite-sex competitors (15 males and 10 females, giving an overall population size of 30 and 1:1 sex ratio). Fitness was estimated on the latent scale from a generalised linear mixed model, and is scaled to have a mean of zero and unit variance.",114,No,Fitness late life (F),336
908,fitness.late.life.f,-0.0914498028091774,Wong and Holman (in prep),125,Female,Adult,Life history,"Mean number of L1 larvae produced by females aged 17-18 days over a 24h period. For each replicate measurement, 5 DGRP females were housed with standardised mates and opposite-sex competitors (15 males and 10 females, giving an overall population size of 30 and 1:1 sex ratio). Fitness was estimated on the latent scale from a generalised linear mixed model, and is scaled to have a mean of zero and unit variance.",114,No,Fitness late life (F),336
911,fitness.late.life.f,0.810630729648762,Wong and Holman (in prep),125,Female,Adult,Life history,"Mean number of L1 larvae produced by females aged 17-18 days over a 24h period. For each replicate measurement, 5 DGRP females were housed with standardised mates and opposite-sex competitors (15 males and 10 females, giving an overall population size of 30 and 1:1 sex ratio). Fitness was estimated on the latent scale from a generalised linear mixed model, and is scaled to have a mean of zero and unit variance.",114,No,Fitness late life (F),336
913,fitness.late.life.f,1.739284912179108,Wong and Holman (in prep),125,Female,Adult,Life history,"Mean number of L1 larvae produced by females aged 17-18 days over a 24h period. For each replicate measurement, 5 DGRP females were housed with standardised mates and opposite-sex competitors (15 males and 10 females, giving an overall population size of 30 and 1:1 sex ratio). Fitness was estimated on the latent scale from a generalised linear mixed model, and is scaled to have a mean of zero and unit variance.",114,No,Fitness late life (F),336
21,fitness.late.life.m,-0.13524249630849122,Wong and Holman (in prep),124,Male,Adult,Life history,"Mean number of L1 larvae sired by males in competition for matings/fertilisations with same-aged competitor males over 3 days, beginning when all males were aged 14-15 days. For each replicate measurement, 5 DGRP males were housed with standardised mates and opposite-sex competitors (15 females and 10 males, giving an overall population size of 30 and 1:1 sex ratio). Fitness was estimated on the latent scale from a generalised linear mixed model, and is scaled to have a mean of zero and unit variance.",114,No,Fitness late life (M),337
26,fitness.late.life.m,-2.962288789945205,Wong and Holman (in prep),124,Male,Adult,Life history,"Mean number of L1 larvae sired by males in competition for matings/fertilisations with same-aged competitor males over 3 days, beginning when all males were aged 14-15 days. For each replicate measurement, 5 DGRP males were housed with standardised mates and opposite-sex competitors (15 females and 10 males, giving an overall population size of 30 and 1:1 sex ratio). Fitness was estimated on the latent scale from a generalised linear mixed model, and is scaled to have a mean of zero and unit variance.",114,No,Fitness late life (M),337
32,fitness.late.life.m,0.2823187027516368,Wong and Holman (in prep),124,Male,Adult,Life history,"Mean number of L1 larvae sired by males in competition for matings/fertilisations with same-aged competitor males over 3 days, beginning when all males were aged 14-15 days. For each replicate measurement, 5 DGRP males were housed with standardised mates and opposite-sex competitors (15 females and 10 males, giving an overall population size of 30 and 1:1 sex ratio). Fitness was estimated on the latent scale from a generalised linear mixed model, and is scaled to have a mean of zero and unit variance.",114,No,Fitness late life (M),337
40,fitness.late.life.m,0.20622721292290813,Wong and Holman (in prep),124,Male,Adult,Life history,"Mean number of L1 larvae sired by males in competition for matings/fertilisations with same-aged competitor males over 3 days, beginning when all males were aged 14-15 days. For each replicate measurement, 5 DGRP males were housed with standardised mates and opposite-sex competitors (15 females and 10 males, giving an overall population size of 30 and 1:1 sex ratio). Fitness was estimated on the latent scale from a generalised linear mixed model, and is scaled to have a mean of zero and unit variance.",114,No,Fitness late life (M),337
45,fitness.late.life.m,-1.3681668935333506,Wong and Holman (in prep),124,Male,Adult,Life history,"Mean number of L1 larvae sired by males in competition for matings/fertilisations with same-aged competitor males over 3 days, beginning when all males were aged 14-15 days. For each replicate measurement, 5 DGRP males were housed with standardised mates and opposite-sex competitors (15 females and 10 males, giving an overall population size of 30 and 1:1 sex ratio). Fitness was estimated on the latent scale from a generalised linear mixed model, and is scaled to have a mean of zero and unit variance.",114,No,Fitness late life (M),337
57,fitness.late.life.m,0.49146363228088075,Wong and Holman (in prep),124,Male,Adult,Life history,"Mean number of L1 larvae sired by males in competition for matings/fertilisations with same-aged competitor males over 3 days, beginning when all males were aged 14-15 days. For each replicate measurement, 5 DGRP males were housed with standardised mates and opposite-sex competitors (15 females and 10 males, giving an overall population size of 30 and 1:1 sex ratio). Fitness was estimated on the latent scale from a generalised linear mixed model, and is scaled to have a mean of zero and unit variance.",114,No,Fitness late life (M),337
59,fitness.late.life.m,1.030017171068672,Wong and Holman (in prep),124,Male,Adult,Life history,"Mean number of L1 larvae sired by males in competition for matings/fertilisations with same-aged competitor males over 3 days, beginning when all males were aged 14-15 days. For each replicate measurement, 5 DGRP males were housed with standardised mates and opposite-sex competitors (15 females and 10 males, giving an overall population size of 30 and 1:1 sex ratio). Fitness was estimated on the latent scale from a generalised linear mixed model, and is scaled to have a mean of zero and unit variance.",114,No,Fitness late life (M),337
75,fitness.late.life.m,-0.01970699656854551,Wong and Holman (in prep),124,Male,Adult,Life history,"Mean number of L1 larvae sired by males in competition for matings/fertilisations with same-aged competitor males over 3 days, beginning when all males were aged 14-15 days. For each replicate measurement, 5 DGRP males were housed with standardised mates and opposite-sex competitors (15 females and 10 males, giving an overall population size of 30 and 1:1 sex ratio). Fitness was estimated on the latent scale from a generalised linear mixed model, and is scaled to have a mean of zero and unit variance.",114,No,Fitness late life (M),337
91,fitness.late.life.m,-0.8895224946107122,Wong and Holman (in prep),124,Male,Adult,Life history,"Mean number of L1 larvae sired by males in competition for matings/fertilisations with same-aged competitor males over 3 days, beginning when all males were aged 14-15 days. For each replicate measurement, 5 DGRP males were housed with standardised mates and opposite-sex competitors (15 females and 10 males, giving an overall population size of 30 and 1:1 sex ratio). Fitness was estimated on the latent scale from a generalised linear mixed model, and is scaled to have a mean of zero and unit variance.",114,No,Fitness late life (M),337
93,fitness.late.life.m,1.35269028034238,Wong and Holman (in prep),124,Male,Adult,Life history,"Mean number of L1 larvae sired by males in competition for matings/fertilisations with same-aged competitor males over 3 days, beginning when all males were aged 14-15 days. For each replicate measurement, 5 DGRP males were housed with standardised mates and opposite-sex competitors (15 females and 10 males, giving an overall population size of 30 and 1:1 sex ratio). Fitness was estimated on the latent scale from a generalised linear mixed model, and is scaled to have a mean of zero and unit variance.",114,No,Fitness late life (M),337
109,fitness.late.life.m,0.6782018518605591,Wong and Holman (in prep),124,Male,Adult,Life history,"Mean number of L1 larvae sired by males in competition for matings/fertilisations with same-aged competitor males over 3 days, beginning when all males were aged 14-15 days. For each replicate measurement, 5 DGRP males were housed with standardised mates and opposite-sex competitors (15 females and 10 males, giving an overall population size of 30 and 1:1 sex ratio). Fitness was estimated on the latent scale from a generalised linear mixed model, and is scaled to have a mean of zero and unit variance.",114,No,Fitness late life (M),337
129,fitness.late.life.m,1.9420654090157787,Wong and Holman (in prep),124,Male,Adult,Life history,"Mean number of L1 larvae sired by males in competition for matings/fertilisations with same-aged competitor males over 3 days, beginning when all males were aged 14-15 days. For each replicate measurement, 5 DGRP males were housed with standardised mates and opposite-sex competitors (15 females and 10 males, giving an overall population size of 30 and 1:1 sex ratio). Fitness was estimated on the latent scale from a generalised linear mixed model, and is scaled to have a mean of zero and unit variance.",114,No,Fitness late life (M),337
136,fitness.late.life.m,0.7287599117467599,Wong and Holman (in prep),124,Male,Adult,Life history,"Mean number of L1 larvae sired by males in competition for matings/fertilisations with same-aged competitor males over 3 days, beginning when all males were aged 14-15 days. For each replicate measurement, 5 DGRP males were housed with standardised mates and opposite-sex competitors (15 females and 10 males, giving an overall population size of 30 and 1:1 sex ratio). Fitness was estimated on the latent scale from a generalised linear mixed model, and is scaled to have a mean of zero and unit variance.",114,No,Fitness late life (M),337
138,fitness.late.life.m,2.265149388288562,Wong and Holman (in prep),124,Male,Adult,Life history,"Mean number of L1 larvae sired by males in competition for matings/fertilisations with same-aged competitor males over 3 days, beginning when all males were aged 14-15 days. For each replicate measurement, 5 DGRP males were housed with standardised mates and opposite-sex competitors (15 females and 10 males, giving an overall population size of 30 and 1:1 sex ratio). Fitness was estimated on the latent scale from a generalised linear mixed model, and is scaled to have a mean of zero and unit variance.",114,No,Fitness late life (M),337
142,fitness.late.life.m,-0.12484059633190446,Wong and Holman (in prep),124,Male,Adult,Life history,"Mean number of L1 larvae sired by males in competition for matings/fertilisations with same-aged competitor males over 3 days, beginning when all males were aged 14-15 days. For each replicate measurement, 5 DGRP males were housed with standardised mates and opposite-sex competitors (15 females and 10 males, giving an overall population size of 30 and 1:1 sex ratio). Fitness was estimated on the latent scale from a generalised linear mixed model, and is scaled to have a mean of zero and unit variance.",114,No,Fitness late life (M),337
153,fitness.late.life.m,-0.05122609649760042,Wong and Holman (in prep),124,Male,Adult,Life history,"Mean number of L1 larvae sired by males in competition for matings/fertilisations with same-aged competitor males over 3 days, beginning when all males were aged 14-15 days. For each replicate measurement, 5 DGRP males were housed with standardised mates and opposite-sex competitors (15 females and 10 males, giving an overall population size of 30 and 1:1 sex ratio). Fitness was estimated on the latent scale from a generalised linear mixed model, and is scaled to have a mean of zero and unit variance.",114,No,Fitness late life (M),337
158,fitness.late.life.m,-0.4591734955793678,Wong and Holman (in prep),124,Male,Adult,Life history,"Mean number of L1 larvae sired by males in competition for matings/fertilisations with same-aged competitor males over 3 days, beginning when all males were aged 14-15 days. For each replicate measurement, 5 DGRP males were housed with standardised mates and opposite-sex competitors (15 females and 10 males, giving an overall population size of 30 and 1:1 sex ratio). Fitness was estimated on the latent scale from a generalised linear mixed model, and is scaled to have a mean of zero and unit variance.",114,No,Fitness late life (M),337
161,fitness.late.life.m,0.17136844300137036,Wong and Holman (in prep),124,Male,Adult,Life history,"Mean number of L1 larvae sired by males in competition for matings/fertilisations with same-aged competitor males over 3 days, beginning when all males were aged 14-15 days. For each replicate measurement, 5 DGRP males were housed with standardised mates and opposite-sex competitors (15 females and 10 males, giving an overall population size of 30 and 1:1 sex ratio). Fitness was estimated on the latent scale from a generalised linear mixed model, and is scaled to have a mean of zero and unit variance.",114,No,Fitness late life (M),337
176,fitness.late.life.m,-2.7310829904656164,Wong and Holman (in prep),124,Male,Adult,Life history,"Mean number of L1 larvae sired by males in competition for matings/fertilisations with same-aged competitor males over 3 days, beginning when all males were aged 14-15 days. For each replicate measurement, 5 DGRP males were housed with standardised mates and opposite-sex competitors (15 females and 10 males, giving an overall population size of 30 and 1:1 sex ratio). Fitness was estimated on the latent scale from a generalised linear mixed model, and is scaled to have a mean of zero and unit variance.",114,No,Fitness late life (M),337
181,fitness.late.life.m,-0.5172598954486234,Wong and Holman (in prep),124,Male,Adult,Life history,"Mean number of L1 larvae sired by males in competition for matings/fertilisations with same-aged competitor males over 3 days, beginning when all males were aged 14-15 days. For each replicate measurement, 5 DGRP males were housed with standardised mates and opposite-sex competitors (15 females and 10 males, giving an overall population size of 30 and 1:1 sex ratio). Fitness was estimated on the latent scale from a generalised linear mixed model, and is scaled to have a mean of zero and unit variance.",114,No,Fitness late life (M),337
195,fitness.late.life.m,0.5639536321177159,Wong and Holman (in prep),124,Male,Adult,Life history,"Mean number of L1 larvae sired by males in competition for matings/fertilisations with same-aged competitor males over 3 days, beginning when all males were aged 14-15 days. For each replicate measurement, 5 DGRP males were housed with standardised mates and opposite-sex competitors (15 females and 10 males, giving an overall population size of 30 and 1:1 sex ratio). Fitness was estimated on the latent scale from a generalised linear mixed model, and is scaled to have a mean of zero and unit variance.",114,No,Fitness late life (M),337
208,fitness.late.life.m,0.947523281254354,Wong and Holman (in prep),124,Male,Adult,Life history,"Mean number of L1 larvae sired by males in competition for matings/fertilisations with same-aged competitor males over 3 days, beginning when all males were aged 14-15 days. For each replicate measurement, 5 DGRP males were housed with standardised mates and opposite-sex competitors (15 females and 10 males, giving an overall population size of 30 and 1:1 sex ratio). Fitness was estimated on the latent scale from a generalised linear mixed model, and is scaled to have a mean of zero and unit variance.",114,No,Fitness late life (M),337
217,fitness.late.life.m,-0.12371779633443174,Wong and Holman (in prep),124,Male,Adult,Life history,"Mean number of L1 larvae sired by males in competition for matings/fertilisations with same-aged competitor males over 3 days, beginning when all males were aged 14-15 days. For each replicate measurement, 5 DGRP males were housed with standardised mates and opposite-sex competitors (15 females and 10 males, giving an overall population size of 30 and 1:1 sex ratio). Fitness was estimated on the latent scale from a generalised linear mixed model, and is scaled to have a mean of zero and unit variance.",114,No,Fitness late life (M),337
228,fitness.late.life.m,-1.7860635925927235,Wong and Holman (in prep),124,Male,Adult,Life history,"Mean number of L1 larvae sired by males in competition for matings/fertilisations with same-aged competitor males over 3 days, beginning when all males were aged 14-15 days. For each replicate measurement, 5 DGRP males were housed with standardised mates and opposite-sex competitors (15 females and 10 males, giving an overall population size of 30 and 1:1 sex ratio). Fitness was estimated on the latent scale from a generalised linear mixed model, and is scaled to have a mean of zero and unit variance.",114,No,Fitness late life (M),337
229,fitness.late.life.m,-1.0887269941623308,Wong and Holman (in prep),124,Male,Adult,Life history,"Mean number of L1 larvae sired by males in competition for matings/fertilisations with same-aged competitor males over 3 days, beginning when all males were aged 14-15 days. For each replicate measurement, 5 DGRP males were housed with standardised mates and opposite-sex competitors (15 females and 10 males, giving an overall population size of 30 and 1:1 sex ratio). Fitness was estimated on the latent scale from a generalised linear mixed model, and is scaled to have a mean of zero and unit variance.",114,No,Fitness late life (M),337
235,fitness.late.life.m,0.7396722617221978,Wong and Holman (in prep),124,Male,Adult,Life history,"Mean number of L1 larvae sired by males in competition for matings/fertilisations with same-aged competitor males over 3 days, beginning when all males were aged 14-15 days. For each replicate measurement, 5 DGRP males were housed with standardised mates and opposite-sex competitors (15 females and 10 males, giving an overall population size of 30 and 1:1 sex ratio). Fitness was estimated on the latent scale from a generalised linear mixed model, and is scaled to have a mean of zero and unit variance.",114,No,Fitness late life (M),337
237,fitness.late.life.m,-0.07896079643517348,Wong and Holman (in prep),124,Male,Adult,Life history,"Mean number of L1 larvae sired by males in competition for matings/fertilisations with same-aged competitor males over 3 days, beginning when all males were aged 14-15 days. For each replicate measurement, 5 DGRP males were housed with standardised mates and opposite-sex competitors (15 females and 10 males, giving an overall population size of 30 and 1:1 sex ratio). Fitness was estimated on the latent scale from a generalised linear mixed model, and is scaled to have a mean of zero and unit variance.",114,No,Fitness late life (M),337
239,fitness.late.life.m,-1.9677588921837528,Wong and Holman (in prep),124,Male,Adult,Life history,"Mean number of L1 larvae sired by males in competition for matings/fertilisations with same-aged competitor males over 3 days, beginning when all males were aged 14-15 days. For each replicate measurement, 5 DGRP males were housed with standardised mates and opposite-sex competitors (15 females and 10 males, giving an overall population size of 30 and 1:1 sex ratio). Fitness was estimated on the latent scale from a generalised linear mixed model, and is scaled to have a mean of zero and unit variance.",114,No,Fitness late life (M),337
280,fitness.late.life.m,-0.7662034948882861,Wong and Holman (in prep),124,Male,Adult,Life history,"Mean number of L1 larvae sired by males in competition for matings/fertilisations with same-aged competitor males over 3 days, beginning when all males were aged 14-15 days. For each replicate measurement, 5 DGRP males were housed with standardised mates and opposite-sex competitors (15 females and 10 males, giving an overall population size of 30 and 1:1 sex ratio). Fitness was estimated on the latent scale from a generalised linear mixed model, and is scaled to have a mean of zero and unit variance.",114,No,Fitness late life (M),337
301,fitness.late.life.m,0.5221093622119015,Wong and Holman (in prep),124,Male,Adult,Life history,"Mean number of L1 larvae sired by males in competition for matings/fertilisations with same-aged competitor males over 3 days, beginning when all males were aged 14-15 days. For each replicate measurement, 5 DGRP males were housed with standardised mates and opposite-sex competitors (15 females and 10 males, giving an overall population size of 30 and 1:1 sex ratio). Fitness was estimated on the latent scale from a generalised linear mixed model, and is scaled to have a mean of zero and unit variance.",114,No,Fitness late life (M),337
303,fitness.late.life.m,-0.24760139605558704,Wong and Holman (in prep),124,Male,Adult,Life history,"Mean number of L1 larvae sired by males in competition for matings/fertilisations with same-aged competitor males over 3 days, beginning when all males were aged 14-15 days. For each replicate measurement, 5 DGRP males were housed with standardised mates and opposite-sex competitors (15 females and 10 males, giving an overall population size of 30 and 1:1 sex ratio). Fitness was estimated on the latent scale from a generalised linear mixed model, and is scaled to have a mean of zero and unit variance.",114,No,Fitness late life (M),337
306,fitness.late.life.m,-1.5475990931294736,Wong and Holman (in prep),124,Male,Adult,Life history,"Mean number of L1 larvae sired by males in competition for matings/fertilisations with same-aged competitor males over 3 days, beginning when all males were aged 14-15 days. For each replicate measurement, 5 DGRP males were housed with standardised mates and opposite-sex competitors (15 females and 10 males, giving an overall population size of 30 and 1:1 sex ratio). Fitness was estimated on the latent scale from a generalised linear mixed model, and is scaled to have a mean of zero and unit variance.",114,No,Fitness late life (M),337
307,fitness.late.life.m,-0.16253829624705218,Wong and Holman (in prep),124,Male,Adult,Life history,"Mean number of L1 larvae sired by males in competition for matings/fertilisations with same-aged competitor males over 3 days, beginning when all males were aged 14-15 days. For each replicate measurement, 5 DGRP males were housed with standardised mates and opposite-sex competitors (15 females and 10 males, giving an overall population size of 30 and 1:1 sex ratio). Fitness was estimated on the latent scale from a generalised linear mixed model, and is scaled to have a mean of zero and unit variance.",114,No,Fitness late life (M),337
309,fitness.late.life.m,-0.42012709566725576,Wong and Holman (in prep),124,Male,Adult,Life history,"Mean number of L1 larvae sired by males in competition for matings/fertilisations with same-aged competitor males over 3 days, beginning when all males were aged 14-15 days. For each replicate measurement, 5 DGRP males were housed with standardised mates and opposite-sex competitors (15 females and 10 males, giving an overall population size of 30 and 1:1 sex ratio). Fitness was estimated on the latent scale from a generalised linear mixed model, and is scaled to have a mean of zero and unit variance.",114,No,Fitness late life (M),337
313,fitness.late.life.m,0.7516157216953148,Wong and Holman (in prep),124,Male,Adult,Life history,"Mean number of L1 larvae sired by males in competition for matings/fertilisations with same-aged competitor males over 3 days, beginning when all males were aged 14-15 days. For each replicate measurement, 5 DGRP males were housed with standardised mates and opposite-sex competitors (15 females and 10 males, giving an overall population size of 30 and 1:1 sex ratio). Fitness was estimated on the latent scale from a generalised linear mixed model, and is scaled to have a mean of zero and unit variance.",114,No,Fitness late life (M),337
319,fitness.late.life.m,0.01768535334728952,Wong and Holman (in prep),124,Male,Adult,Life history,"Mean number of L1 larvae sired by males in competition for matings/fertilisations with same-aged competitor males over 3 days, beginning when all males were aged 14-15 days. For each replicate measurement, 5 DGRP males were housed with standardised mates and opposite-sex competitors (15 females and 10 males, giving an overall population size of 30 and 1:1 sex ratio). Fitness was estimated on the latent scale from a generalised linear mixed model, and is scaled to have a mean of zero and unit variance.",114,No,Fitness late life (M),337
320,fitness.late.life.m,0.17220493299948755,Wong and Holman (in prep),124,Male,Adult,Life history,"Mean number of L1 larvae sired by males in competition for matings/fertilisations with same-aged competitor males over 3 days, beginning when all males were aged 14-15 days. For each replicate measurement, 5 DGRP males were housed with standardised mates and opposite-sex competitors (15 females and 10 males, giving an overall population size of 30 and 1:1 sex ratio). Fitness was estimated on the latent scale from a generalised linear mixed model, and is scaled to have a mean of zero and unit variance.",114,No,Fitness late life (M),337
321,fitness.late.life.m,-0.01051889658922664,Wong and Holman (in prep),124,Male,Adult,Life history,"Mean number of L1 larvae sired by males in competition for matings/fertilisations with same-aged competitor males over 3 days, beginning when all males were aged 14-15 days. For each replicate measurement, 5 DGRP males were housed with standardised mates and opposite-sex competitors (15 females and 10 males, giving an overall population size of 30 and 1:1 sex ratio). Fitness was estimated on the latent scale from a generalised linear mixed model, and is scaled to have a mean of zero and unit variance.",114,No,Fitness late life (M),337
324,fitness.late.life.m,1.3630675703190218,Wong and Holman (in prep),124,Male,Adult,Life history,"Mean number of L1 larvae sired by males in competition for matings/fertilisations with same-aged competitor males over 3 days, beginning when all males were aged 14-15 days. For each replicate measurement, 5 DGRP males were housed with standardised mates and opposite-sex competitors (15 females and 10 males, giving an overall population size of 30 and 1:1 sex ratio). Fitness was estimated on the latent scale from a generalised linear mixed model, and is scaled to have a mean of zero and unit variance.",114,No,Fitness late life (M),337
332,fitness.late.life.m,-0.02976969654589578,Wong and Holman (in prep),124,Male,Adult,Life history,"Mean number of L1 larvae sired by males in competition for matings/fertilisations with same-aged competitor males over 3 days, beginning when all males were aged 14-15 days. For each replicate measurement, 5 DGRP males were housed with standardised mates and opposite-sex competitors (15 females and 10 males, giving an overall population size of 30 and 1:1 sex ratio). Fitness was estimated on the latent scale from a generalised linear mixed model, and is scaled to have a mean of zero and unit variance.",114,No,Fitness late life (M),337
338,fitness.late.life.m,0.927683381299011,Wong and Holman (in prep),124,Male,Adult,Life history,"Mean number of L1 larvae sired by males in competition for matings/fertilisations with same-aged competitor males over 3 days, beginning when all males were aged 14-15 days. For each replicate measurement, 5 DGRP males were housed with standardised mates and opposite-sex competitors (15 females and 10 males, giving an overall population size of 30 and 1:1 sex ratio). Fitness was estimated on the latent scale from a generalised linear mixed model, and is scaled to have a mean of zero and unit variance.",114,No,Fitness late life (M),337
350,fitness.late.life.m,0.12247656311141912,Wong and Holman (in prep),124,Male,Adult,Life history,"Mean number of L1 larvae sired by males in competition for matings/fertilisations with same-aged competitor males over 3 days, beginning when all males were aged 14-15 days. For each replicate measurement, 5 DGRP males were housed with standardised mates and opposite-sex competitors (15 females and 10 males, giving an overall population size of 30 and 1:1 sex ratio). Fitness was estimated on the latent scale from a generalised linear mixed model, and is scaled to have a mean of zero and unit variance.",114,No,Fitness late life (M),337
352,fitness.late.life.m,0.03189496331530567,Wong and Holman (in prep),124,Male,Adult,Life history,"Mean number of L1 larvae sired by males in competition for matings/fertilisations with same-aged competitor males over 3 days, beginning when all males were aged 14-15 days. For each replicate measurement, 5 DGRP males were housed with standardised mates and opposite-sex competitors (15 females and 10 males, giving an overall population size of 30 and 1:1 sex ratio). Fitness was estimated on the latent scale from a generalised linear mixed model, and is scaled to have a mean of zero and unit variance.",114,No,Fitness late life (M),337
356,fitness.late.life.m,0.3552402925875005,Wong and Holman (in prep),124,Male,Adult,Life history,"Mean number of L1 larvae sired by males in competition for matings/fertilisations with same-aged competitor males over 3 days, beginning when all males were aged 14-15 days. For each replicate measurement, 5 DGRP males were housed with standardised mates and opposite-sex competitors (15 females and 10 males, giving an overall population size of 30 and 1:1 sex ratio). Fitness was estimated on the latent scale from a generalised linear mixed model, and is scaled to have a mean of zero and unit variance.",114,No,Fitness late life (M),337
357,fitness.late.life.m,-0.8259233947538649,Wong and Holman (in prep),124,Male,Adult,Life history,"Mean number of L1 larvae sired by males in competition for matings/fertilisations with same-aged competitor males over 3 days, beginning when all males were aged 14-15 days. For each replicate measurement, 5 DGRP males were housed with standardised mates and opposite-sex competitors (15 females and 10 males, giving an overall population size of 30 and 1:1 sex ratio). Fitness was estimated on the latent scale from a generalised linear mixed model, and is scaled to have a mean of zero and unit variance.",114,No,Fitness late life (M),337
360,fitness.late.life.m,-1.348104193578509,Wong and Holman (in prep),124,Male,Adult,Life history,"Mean number of L1 larvae sired by males in competition for matings/fertilisations with same-aged competitor males over 3 days, beginning when all males were aged 14-15 days. For each replicate measurement, 5 DGRP males were housed with standardised mates and opposite-sex competitors (15 females and 10 males, giving an overall population size of 30 and 1:1 sex ratio). Fitness was estimated on the latent scale from a generalised linear mixed model, and is scaled to have a mean of zero and unit variance.",114,No,Fitness late life (M),337
361,fitness.late.life.m,-0.1749773962190535,Wong and Holman (in prep),124,Male,Adult,Life history,"Mean number of L1 larvae sired by males in competition for matings/fertilisations with same-aged competitor males over 3 days, beginning when all males were aged 14-15 days. For each replicate measurement, 5 DGRP males were housed with standardised mates and opposite-sex competitors (15 females and 10 males, giving an overall population size of 30 and 1:1 sex ratio). Fitness was estimated on the latent scale from a generalised linear mixed model, and is scaled to have a mean of zero and unit variance.",114,No,Fitness late life (M),337
362,fitness.late.life.m,0.6973766518173994,Wong and Holman (in prep),124,Male,Adult,Life history,"Mean number of L1 larvae sired by males in competition for matings/fertilisations with same-aged competitor males over 3 days, beginning when all males were aged 14-15 days. For each replicate measurement, 5 DGRP males were housed with standardised mates and opposite-sex competitors (15 females and 10 males, giving an overall population size of 30 and 1:1 sex ratio). Fitness was estimated on the latent scale from a generalised linear mixed model, and is scaled to have a mean of zero and unit variance.",114,No,Fitness late life (M),337
367,fitness.late.life.m,-2.4802182910302784,Wong and Holman (in prep),124,Male,Adult,Life history,"Mean number of L1 larvae sired by males in competition for matings/fertilisations with same-aged competitor males over 3 days, beginning when all males were aged 14-15 days. For each replicate measurement, 5 DGRP males were housed with standardised mates and opposite-sex competitors (15 females and 10 males, giving an overall population size of 30 and 1:1 sex ratio). Fitness was estimated on the latent scale from a generalised linear mixed model, and is scaled to have a mean of zero and unit variance.",114,No,Fitness late life (M),337
370,fitness.late.life.m,0.14089193306996872,Wong and Holman (in prep),124,Male,Adult,Life history,"Mean number of L1 larvae sired by males in competition for matings/fertilisations with same-aged competitor males over 3 days, beginning when all males were aged 14-15 days. For each replicate measurement, 5 DGRP males were housed with standardised mates and opposite-sex competitors (15 females and 10 males, giving an overall population size of 30 and 1:1 sex ratio). Fitness was estimated on the latent scale from a generalised linear mixed model, and is scaled to have a mean of zero and unit variance.",114,No,Fitness late life (M),337
371,fitness.late.life.m,1.680784699603885,Wong and Holman (in prep),124,Male,Adult,Life history,"Mean number of L1 larvae sired by males in competition for matings/fertilisations with same-aged competitor males over 3 days, beginning when all males were aged 14-15 days. For each replicate measurement, 5 DGRP males were housed with standardised mates and opposite-sex competitors (15 females and 10 males, giving an overall population size of 30 and 1:1 sex ratio). Fitness was estimated on the latent scale from a generalised linear mixed model, and is scaled to have a mean of zero and unit variance.",114,No,Fitness late life (M),337
373,fitness.late.life.m,-0.5606078953510532,Wong and Holman (in prep),124,Male,Adult,Life history,"Mean number of L1 larvae sired by males in competition for matings/fertilisations with same-aged competitor males over 3 days, beginning when all males were aged 14-15 days. For each replicate measurement, 5 DGRP males were housed with standardised mates and opposite-sex competitors (15 females and 10 males, giving an overall population size of 30 and 1:1 sex ratio). Fitness was estimated on the latent scale from a generalised linear mixed model, and is scaled to have a mean of zero and unit variance.",114,No,Fitness late life (M),337
375,fitness.late.life.m,0.8481789114779645,Wong and Holman (in prep),124,Male,Adult,Life history,"Mean number of L1 larvae sired by males in competition for matings/fertilisations with same-aged competitor males over 3 days, beginning when all males were aged 14-15 days. For each replicate measurement, 5 DGRP males were housed with standardised mates and opposite-sex competitors (15 females and 10 males, giving an overall population size of 30 and 1:1 sex ratio). Fitness was estimated on the latent scale from a generalised linear mixed model, and is scaled to have a mean of zero and unit variance.",114,No,Fitness late life (M),337
379,fitness.late.life.m,0.7102062217885218,Wong and Holman (in prep),124,Male,Adult,Life history,"Mean number of L1 larvae sired by males in competition for matings/fertilisations with same-aged competitor males over 3 days, beginning when all males were aged 14-15 days. For each replicate measurement, 5 DGRP males were housed with standardised mates and opposite-sex competitors (15 females and 10 males, giving an overall population size of 30 and 1:1 sex ratio). Fitness was estimated on the latent scale from a generalised linear mixed model, and is scaled to have a mean of zero and unit variance.",114,No,Fitness late life (M),337
380,fitness.late.life.m,0.816203361549937,Wong and Holman (in prep),124,Male,Adult,Life history,"Mean number of L1 larvae sired by males in competition for matings/fertilisations with same-aged competitor males over 3 days, beginning when all males were aged 14-15 days. For each replicate measurement, 5 DGRP males were housed with standardised mates and opposite-sex competitors (15 females and 10 males, giving an overall population size of 30 and 1:1 sex ratio). Fitness was estimated on the latent scale from a generalised linear mixed model, and is scaled to have a mean of zero and unit variance.",114,No,Fitness late life (M),337
382,fitness.late.life.m,0.7715335116504827,Wong and Holman (in prep),124,Male,Adult,Life history,"Mean number of L1 larvae sired by males in competition for matings/fertilisations with same-aged competitor males over 3 days, beginning when all males were aged 14-15 days. For each replicate measurement, 5 DGRP males were housed with standardised mates and opposite-sex competitors (15 females and 10 males, giving an overall population size of 30 and 1:1 sex ratio). Fitness was estimated on the latent scale from a generalised linear mixed model, and is scaled to have a mean of zero and unit variance.",114,No,Fitness late life (M),337
383,fitness.late.life.m,-0.3944549957250401,Wong and Holman (in prep),124,Male,Adult,Life history,"Mean number of L1 larvae sired by males in competition for matings/fertilisations with same-aged competitor males over 3 days, beginning when all males were aged 14-15 days. For each replicate measurement, 5 DGRP males were housed with standardised mates and opposite-sex competitors (15 females and 10 males, giving an overall population size of 30 and 1:1 sex ratio). Fitness was estimated on the latent scale from a generalised linear mixed model, and is scaled to have a mean of zero and unit variance.",114,No,Fitness late life (M),337
385,fitness.late.life.m,-1.2469999938060805,Wong and Holman (in prep),124,Male,Adult,Life history,"Mean number of L1 larvae sired by males in competition for matings/fertilisations with same-aged competitor males over 3 days, beginning when all males were aged 14-15 days. For each replicate measurement, 5 DGRP males were housed with standardised mates and opposite-sex competitors (15 females and 10 males, giving an overall population size of 30 and 1:1 sex ratio). Fitness was estimated on the latent scale from a generalised linear mixed model, and is scaled to have a mean of zero and unit variance.",114,No,Fitness late life (M),337
391,fitness.late.life.m,-0.6229516952107259,Wong and Holman (in prep),124,Male,Adult,Life history,"Mean number of L1 larvae sired by males in competition for matings/fertilisations with same-aged competitor males over 3 days, beginning when all males were aged 14-15 days. For each replicate measurement, 5 DGRP males were housed with standardised mates and opposite-sex competitors (15 females and 10 males, giving an overall population size of 30 and 1:1 sex ratio). Fitness was estimated on the latent scale from a generalised linear mixed model, and is scaled to have a mean of zero and unit variance.",114,No,Fitness late life (M),337
392,fitness.late.life.m,-0.318612495895751,Wong and Holman (in prep),124,Male,Adult,Life history,"Mean number of L1 larvae sired by males in competition for matings/fertilisations with same-aged competitor males over 3 days, beginning when all males were aged 14-15 days. For each replicate measurement, 5 DGRP males were housed with standardised mates and opposite-sex competitors (15 females and 10 males, giving an overall population size of 30 and 1:1 sex ratio). Fitness was estimated on the latent scale from a generalised linear mixed model, and is scaled to have a mean of zero and unit variance.",114,No,Fitness late life (M),337
395,fitness.late.life.m,1.08183377095204,Wong and Holman (in prep),124,Male,Adult,Life history,"Mean number of L1 larvae sired by males in competition for matings/fertilisations with same-aged competitor males over 3 days, beginning when all males were aged 14-15 days. For each replicate measurement, 5 DGRP males were housed with standardised mates and opposite-sex competitors (15 females and 10 males, giving an overall population size of 30 and 1:1 sex ratio). Fitness was estimated on the latent scale from a generalised linear mixed model, and is scaled to have a mean of zero and unit variance.",114,No,Fitness late life (M),337
397,fitness.late.life.m,-0.6693218951063531,Wong and Holman (in prep),124,Male,Adult,Life history,"Mean number of L1 larvae sired by males in competition for matings/fertilisations with same-aged competitor males over 3 days, beginning when all males were aged 14-15 days. For each replicate measurement, 5 DGRP males were housed with standardised mates and opposite-sex competitors (15 females and 10 males, giving an overall population size of 30 and 1:1 sex ratio). Fitness was estimated on the latent scale from a generalised linear mixed model, and is scaled to have a mean of zero and unit variance.",114,No,Fitness late life (M),337
399,fitness.late.life.m,-0.4471932956063336,Wong and Holman (in prep),124,Male,Adult,Life history,"Mean number of L1 larvae sired by males in competition for matings/fertilisations with same-aged competitor males over 3 days, beginning when all males were aged 14-15 days. For each replicate measurement, 5 DGRP males were housed with standardised mates and opposite-sex competitors (15 females and 10 males, giving an overall population size of 30 and 1:1 sex ratio). Fitness was estimated on the latent scale from a generalised linear mixed model, and is scaled to have a mean of zero and unit variance.",114,No,Fitness late life (M),337
405,fitness.late.life.m,0.8523185314686468,Wong and Holman (in prep),124,Male,Adult,Life history,"Mean number of L1 larvae sired by males in competition for matings/fertilisations with same-aged competitor males over 3 days, beginning when all males were aged 14-15 days. For each replicate measurement, 5 DGRP males were housed with standardised mates and opposite-sex competitors (15 females and 10 males, giving an overall population size of 30 and 1:1 sex ratio). Fitness was estimated on the latent scale from a generalised linear mixed model, and is scaled to have a mean of zero and unit variance.",114,No,Fitness late life (M),337
406,fitness.late.life.m,-0.41641719567560626,Wong and Holman (in prep),124,Male,Adult,Life history,"Mean number of L1 larvae sired by males in competition for matings/fertilisations with same-aged competitor males over 3 days, beginning when all males were aged 14-15 days. For each replicate measurement, 5 DGRP males were housed with standardised mates and opposite-sex competitors (15 females and 10 males, giving an overall population size of 30 and 1:1 sex ratio). Fitness was estimated on the latent scale from a generalised linear mixed model, and is scaled to have a mean of zero and unit variance.",114,No,Fitness late life (M),337
427,fitness.late.life.m,-0.7846504948467645,Wong and Holman (in prep),124,Male,Adult,Life history,"Mean number of L1 larvae sired by males in competition for matings/fertilisations with same-aged competitor males over 3 days, beginning when all males were aged 14-15 days. For each replicate measurement, 5 DGRP males were housed with standardised mates and opposite-sex competitors (15 females and 10 males, giving an overall population size of 30 and 1:1 sex ratio). Fitness was estimated on the latent scale from a generalised linear mixed model, and is scaled to have a mean of zero and unit variance.",114,No,Fitness late life (M),337
437,fitness.late.life.m,-0.2436697960644365,Wong and Holman (in prep),124,Male,Adult,Life history,"Mean number of L1 larvae sired by males in competition for matings/fertilisations with same-aged competitor males over 3 days, beginning when all males were aged 14-15 days. For each replicate measurement, 5 DGRP males were housed with standardised mates and opposite-sex competitors (15 females and 10 males, giving an overall population size of 30 and 1:1 sex ratio). Fitness was estimated on the latent scale from a generalised linear mixed model, and is scaled to have a mean of zero and unit variance.",114,No,Fitness late life (M),337
439,fitness.late.life.m,0.32058265266551,Wong and Holman (in prep),124,Male,Adult,Life history,"Mean number of L1 larvae sired by males in competition for matings/fertilisations with same-aged competitor males over 3 days, beginning when all males were aged 14-15 days. For each replicate measurement, 5 DGRP males were housed with standardised mates and opposite-sex competitors (15 females and 10 males, giving an overall population size of 30 and 1:1 sex ratio). Fitness was estimated on the latent scale from a generalised linear mixed model, and is scaled to have a mean of zero and unit variance.",114,No,Fitness late life (M),337
440,fitness.late.life.m,1.1835390507231156,Wong and Holman (in prep),124,Male,Adult,Life history,"Mean number of L1 larvae sired by males in competition for matings/fertilisations with same-aged competitor males over 3 days, beginning when all males were aged 14-15 days. For each replicate measurement, 5 DGRP males were housed with standardised mates and opposite-sex competitors (15 females and 10 males, giving an overall population size of 30 and 1:1 sex ratio). Fitness was estimated on the latent scale from a generalised linear mixed model, and is scaled to have a mean of zero and unit variance.",114,No,Fitness late life (M),337
441,fitness.late.life.m,1.2303545406177403,Wong and Holman (in prep),124,Male,Adult,Life history,"Mean number of L1 larvae sired by males in competition for matings/fertilisations with same-aged competitor males over 3 days, beginning when all males were aged 14-15 days. For each replicate measurement, 5 DGRP males were housed with standardised mates and opposite-sex competitors (15 females and 10 males, giving an overall population size of 30 and 1:1 sex ratio). Fitness was estimated on the latent scale from a generalised linear mixed model, and is scaled to have a mean of zero and unit variance.",114,No,Fitness late life (M),337
443,fitness.late.life.m,0.27415449277001325,Wong and Holman (in prep),124,Male,Adult,Life history,"Mean number of L1 larvae sired by males in competition for matings/fertilisations with same-aged competitor males over 3 days, beginning when all males were aged 14-15 days. For each replicate measurement, 5 DGRP males were housed with standardised mates and opposite-sex competitors (15 females and 10 males, giving an overall population size of 30 and 1:1 sex ratio). Fitness was estimated on the latent scale from a generalised linear mixed model, and is scaled to have a mean of zero and unit variance.",114,No,Fitness late life (M),337
461,fitness.late.life.m,-0.252487996044588,Wong and Holman (in prep),124,Male,Adult,Life history,"Mean number of L1 larvae sired by males in competition for matings/fertilisations with same-aged competitor males over 3 days, beginning when all males were aged 14-15 days. For each replicate measurement, 5 DGRP males were housed with standardised mates and opposite-sex competitors (15 females and 10 males, giving an overall population size of 30 and 1:1 sex ratio). Fitness was estimated on the latent scale from a generalised linear mixed model, and is scaled to have a mean of zero and unit variance.",114,No,Fitness late life (M),337
486,fitness.late.life.m,1.6782691696095473,Wong and Holman (in prep),124,Male,Adult,Life history,"Mean number of L1 larvae sired by males in competition for matings/fertilisations with same-aged competitor males over 3 days, beginning when all males were aged 14-15 days. For each replicate measurement, 5 DGRP males were housed with standardised mates and opposite-sex competitors (15 females and 10 males, giving an overall population size of 30 and 1:1 sex ratio). Fitness was estimated on the latent scale from a generalised linear mixed model, and is scaled to have a mean of zero and unit variance.",114,No,Fitness late life (M),337
491,fitness.late.life.m,1.293183110476322,Wong and Holman (in prep),124,Male,Adult,Life history,"Mean number of L1 larvae sired by males in competition for matings/fertilisations with same-aged competitor males over 3 days, beginning when all males were aged 14-15 days. For each replicate measurement, 5 DGRP males were housed with standardised mates and opposite-sex competitors (15 females and 10 males, giving an overall population size of 30 and 1:1 sex ratio). Fitness was estimated on the latent scale from a generalised linear mixed model, and is scaled to have a mean of zero and unit variance.",114,No,Fitness late life (M),337
502,fitness.late.life.m,1.2623335205457604,Wong and Holman (in prep),124,Male,Adult,Life history,"Mean number of L1 larvae sired by males in competition for matings/fertilisations with same-aged competitor males over 3 days, beginning when all males were aged 14-15 days. For each replicate measurement, 5 DGRP males were housed with standardised mates and opposite-sex competitors (15 females and 10 males, giving an overall population size of 30 and 1:1 sex ratio). Fitness was estimated on the latent scale from a generalised linear mixed model, and is scaled to have a mean of zero and unit variance.",114,No,Fitness late life (M),337
509,fitness.late.life.m,-0.9586360944551472,Wong and Holman (in prep),124,Male,Adult,Life history,"Mean number of L1 larvae sired by males in competition for matings/fertilisations with same-aged competitor males over 3 days, beginning when all males were aged 14-15 days. For each replicate measurement, 5 DGRP males were housed with standardised mates and opposite-sex competitors (15 females and 10 males, giving an overall population size of 30 and 1:1 sex ratio). Fitness was estimated on the latent scale from a generalised linear mixed model, and is scaled to have a mean of zero and unit variance.",114,No,Fitness late life (M),337
513,fitness.late.life.m,-1.1246349940815068,Wong and Holman (in prep),124,Male,Adult,Life history,"Mean number of L1 larvae sired by males in competition for matings/fertilisations with same-aged competitor males over 3 days, beginning when all males were aged 14-15 days. For each replicate measurement, 5 DGRP males were housed with standardised mates and opposite-sex competitors (15 females and 10 males, giving an overall population size of 30 and 1:1 sex ratio). Fitness was estimated on the latent scale from a generalised linear mixed model, and is scaled to have a mean of zero and unit variance.",114,No,Fitness late life (M),337
517,fitness.late.life.m,-0.8157411947767836,Wong and Holman (in prep),124,Male,Adult,Life history,"Mean number of L1 larvae sired by males in competition for matings/fertilisations with same-aged competitor males over 3 days, beginning when all males were aged 14-15 days. For each replicate measurement, 5 DGRP males were housed with standardised mates and opposite-sex competitors (15 females and 10 males, giving an overall population size of 30 and 1:1 sex ratio). Fitness was estimated on the latent scale from a generalised linear mixed model, and is scaled to have a mean of zero and unit variance.",114,No,Fitness late life (M),337
530,fitness.late.life.m,-0.9680154944340356,Wong and Holman (in prep),124,Male,Adult,Life history,"Mean number of L1 larvae sired by males in competition for matings/fertilisations with same-aged competitor males over 3 days, beginning when all males were aged 14-15 days. For each replicate measurement, 5 DGRP males were housed with standardised mates and opposite-sex competitors (15 females and 10 males, giving an overall population size of 30 and 1:1 sex ratio). Fitness was estimated on the latent scale from a generalised linear mixed model, and is scaled to have a mean of zero and unit variance.",114,No,Fitness late life (M),337
531,fitness.late.life.m,0.8907066013822407,Wong and Holman (in prep),124,Male,Adult,Life history,"Mean number of L1 larvae sired by males in competition for matings/fertilisations with same-aged competitor males over 3 days, beginning when all males were aged 14-15 days. For each replicate measurement, 5 DGRP males were housed with standardised mates and opposite-sex competitors (15 females and 10 males, giving an overall population size of 30 and 1:1 sex ratio). Fitness was estimated on the latent scale from a generalised linear mixed model, and is scaled to have a mean of zero and unit variance.",114,No,Fitness late life (M),337
535,fitness.late.life.m,1.5124868799827,Wong and Holman (in prep),124,Male,Adult,Life history,"Mean number of L1 larvae sired by males in competition for matings/fertilisations with same-aged competitor males over 3 days, beginning when all males were aged 14-15 days. For each replicate measurement, 5 DGRP males were housed with standardised mates and opposite-sex competitors (15 females and 10 males, giving an overall population size of 30 and 1:1 sex ratio). Fitness was estimated on the latent scale from a generalised linear mixed model, and is scaled to have a mean of zero and unit variance.",114,No,Fitness late life (M),337
584,fitness.late.life.m,0.31947632266800013,Wong and Holman (in prep),124,Male,Adult,Life history,"Mean number of L1 larvae sired by males in competition for matings/fertilisations with same-aged competitor males over 3 days, beginning when all males were aged 14-15 days. For each replicate measurement, 5 DGRP males were housed with standardised mates and opposite-sex competitors (15 females and 10 males, giving an overall population size of 30 and 1:1 sex ratio). Fitness was estimated on the latent scale from a generalised linear mixed model, and is scaled to have a mean of zero and unit variance.",114,No,Fitness late life (M),337
589,fitness.late.life.m,0.05002896327448856,Wong and Holman (in prep),124,Male,Adult,Life history,"Mean number of L1 larvae sired by males in competition for matings/fertilisations with same-aged competitor males over 3 days, beginning when all males were aged 14-15 days. For each replicate measurement, 5 DGRP males were housed with standardised mates and opposite-sex competitors (15 females and 10 males, giving an overall population size of 30 and 1:1 sex ratio). Fitness was estimated on the latent scale from a generalised linear mixed model, and is scaled to have a mean of zero and unit variance.",114,No,Fitness late life (M),337
596,fitness.late.life.m,-0.6401834951719395,Wong and Holman (in prep),124,Male,Adult,Life history,"Mean number of L1 larvae sired by males in competition for matings/fertilisations with same-aged competitor males over 3 days, beginning when all males were aged 14-15 days. For each replicate measurement, 5 DGRP males were housed with standardised mates and opposite-sex competitors (15 females and 10 males, giving an overall population size of 30 and 1:1 sex ratio). Fitness was estimated on the latent scale from a generalised linear mixed model, and is scaled to have a mean of zero and unit variance.",114,No,Fitness late life (M),337
703,fitness.late.life.m,-2.44918039110014,Wong and Holman (in prep),124,Male,Adult,Life history,"Mean number of L1 larvae sired by males in competition for matings/fertilisations with same-aged competitor males over 3 days, beginning when all males were aged 14-15 days. For each replicate measurement, 5 DGRP males were housed with standardised mates and opposite-sex competitors (15 females and 10 males, giving an overall population size of 30 and 1:1 sex ratio). Fitness was estimated on the latent scale from a generalised linear mixed model, and is scaled to have a mean of zero and unit variance.",114,No,Fitness late life (M),337
705,fitness.late.life.m,0.3040460927027315,Wong and Holman (in prep),124,Male,Adult,Life history,"Mean number of L1 larvae sired by males in competition for matings/fertilisations with same-aged competitor males over 3 days, beginning when all males were aged 14-15 days. For each replicate measurement, 5 DGRP males were housed with standardised mates and opposite-sex competitors (15 females and 10 males, giving an overall population size of 30 and 1:1 sex ratio). Fitness was estimated on the latent scale from a generalised linear mixed model, and is scaled to have a mean of zero and unit variance.",114,No,Fitness late life (M),337
707,fitness.late.life.m,-0.16949769623138755,Wong and Holman (in prep),124,Male,Adult,Life history,"Mean number of L1 larvae sired by males in competition for matings/fertilisations with same-aged competitor males over 3 days, beginning when all males were aged 14-15 days. For each replicate measurement, 5 DGRP males were housed with standardised mates and opposite-sex competitors (15 females and 10 males, giving an overall population size of 30 and 1:1 sex ratio). Fitness was estimated on the latent scale from a generalised linear mixed model, and is scaled to have a mean of zero and unit variance.",114,No,Fitness late life (M),337
712,fitness.late.life.m,1.6659114296373627,Wong and Holman (in prep),124,Male,Adult,Life history,"Mean number of L1 larvae sired by males in competition for matings/fertilisations with same-aged competitor males over 3 days, beginning when all males were aged 14-15 days. For each replicate measurement, 5 DGRP males were housed with standardised mates and opposite-sex competitors (15 females and 10 males, giving an overall population size of 30 and 1:1 sex ratio). Fitness was estimated on the latent scale from a generalised linear mixed model, and is scaled to have a mean of zero and unit variance.",114,No,Fitness late life (M),337
716,fitness.late.life.m,0.22522204288015343,Wong and Holman (in prep),124,Male,Adult,Life history,"Mean number of L1 larvae sired by males in competition for matings/fertilisations with same-aged competitor males over 3 days, beginning when all males were aged 14-15 days. For each replicate measurement, 5 DGRP males were housed with standardised mates and opposite-sex competitors (15 females and 10 males, giving an overall population size of 30 and 1:1 sex ratio). Fitness was estimated on the latent scale from a generalised linear mixed model, and is scaled to have a mean of zero and unit variance.",114,No,Fitness late life (M),337
721,fitness.late.life.m,-0.05484959648944443,Wong and Holman (in prep),124,Male,Adult,Life history,"Mean number of L1 larvae sired by males in competition for matings/fertilisations with same-aged competitor males over 3 days, beginning when all males were aged 14-15 days. For each replicate measurement, 5 DGRP males were housed with standardised mates and opposite-sex competitors (15 females and 10 males, giving an overall population size of 30 and 1:1 sex ratio). Fitness was estimated on the latent scale from a generalised linear mixed model, and is scaled to have a mean of zero and unit variance.",114,No,Fitness late life (M),337
732,fitness.late.life.m,1.7696885794037749,Wong and Holman (in prep),124,Male,Adult,Life history,"Mean number of L1 larvae sired by males in competition for matings/fertilisations with same-aged competitor males over 3 days, beginning when all males were aged 14-15 days. For each replicate measurement, 5 DGRP males were housed with standardised mates and opposite-sex competitors (15 females and 10 males, giving an overall population size of 30 and 1:1 sex ratio). Fitness was estimated on the latent scale from a generalised linear mixed model, and is scaled to have a mean of zero and unit variance.",114,No,Fitness late life (M),337
738,fitness.late.life.m,1.56452472986557,Wong and Holman (in prep),124,Male,Adult,Life history,"Mean number of L1 larvae sired by males in competition for matings/fertilisations with same-aged competitor males over 3 days, beginning when all males were aged 14-15 days. For each replicate measurement, 5 DGRP males were housed with standardised mates and opposite-sex competitors (15 females and 10 males, giving an overall population size of 30 and 1:1 sex ratio). Fitness was estimated on the latent scale from a generalised linear mixed model, and is scaled to have a mean of zero and unit variance.",114,No,Fitness late life (M),337
748,fitness.late.life.m,0.5265008722020169,Wong and Holman (in prep),124,Male,Adult,Life history,"Mean number of L1 larvae sired by males in competition for matings/fertilisations with same-aged competitor males over 3 days, beginning when all males were aged 14-15 days. For each replicate measurement, 5 DGRP males were housed with standardised mates and opposite-sex competitors (15 females and 10 males, giving an overall population size of 30 and 1:1 sex ratio). Fitness was estimated on the latent scale from a generalised linear mixed model, and is scaled to have a mean of zero and unit variance.",114,No,Fitness late life (M),337
757,fitness.late.life.m,-0.4546565955895347,Wong and Holman (in prep),124,Male,Adult,Life history,"Mean number of L1 larvae sired by males in competition for matings/fertilisations with same-aged competitor males over 3 days, beginning when all males were aged 14-15 days. For each replicate measurement, 5 DGRP males were housed with standardised mates and opposite-sex competitors (15 females and 10 males, giving an overall population size of 30 and 1:1 sex ratio). Fitness was estimated on the latent scale from a generalised linear mixed model, and is scaled to have a mean of zero and unit variance.",114,No,Fitness late life (M),337
761,fitness.late.life.m,0.6040037920275687,Wong and Holman (in prep),124,Male,Adult,Life history,"Mean number of L1 larvae sired by males in competition for matings/fertilisations with same-aged competitor males over 3 days, beginning when all males were aged 14-15 days. For each replicate measurement, 5 DGRP males were housed with standardised mates and opposite-sex competitors (15 females and 10 males, giving an overall population size of 30 and 1:1 sex ratio). Fitness was estimated on the latent scale from a generalised linear mixed model, and is scaled to have a mean of zero and unit variance.",114,No,Fitness late life (M),337
765,fitness.late.life.m,-1.677766992836484,Wong and Holman (in prep),124,Male,Adult,Life history,"Mean number of L1 larvae sired by males in competition for matings/fertilisations with same-aged competitor males over 3 days, beginning when all males were aged 14-15 days. For each replicate measurement, 5 DGRP males were housed with standardised mates and opposite-sex competitors (15 females and 10 males, giving an overall population size of 30 and 1:1 sex ratio). Fitness was estimated on the latent scale from a generalised linear mixed model, and is scaled to have a mean of zero and unit variance.",114,No,Fitness late life (M),337
776,fitness.late.life.m,-1.6991771927882926,Wong and Holman (in prep),124,Male,Adult,Life history,"Mean number of L1 larvae sired by males in competition for matings/fertilisations with same-aged competitor males over 3 days, beginning when all males were aged 14-15 days. For each replicate measurement, 5 DGRP males were housed with standardised mates and opposite-sex competitors (15 females and 10 males, giving an overall population size of 30 and 1:1 sex ratio). Fitness was estimated on the latent scale from a generalised linear mixed model, and is scaled to have a mean of zero and unit variance.",114,No,Fitness late life (M),337
783,fitness.late.life.m,-0.26238629602230834,Wong and Holman (in prep),124,Male,Adult,Life history,"Mean number of L1 larvae sired by males in competition for matings/fertilisations with same-aged competitor males over 3 days, beginning when all males were aged 14-15 days. For each replicate measurement, 5 DGRP males were housed with standardised mates and opposite-sex competitors (15 females and 10 males, giving an overall population size of 30 and 1:1 sex ratio). Fitness was estimated on the latent scale from a generalised linear mixed model, and is scaled to have a mean of zero and unit variance.",114,No,Fitness late life (M),337
787,fitness.late.life.m,-0.3958103957219893,Wong and Holman (in prep),124,Male,Adult,Life history,"Mean number of L1 larvae sired by males in competition for matings/fertilisations with same-aged competitor males over 3 days, beginning when all males were aged 14-15 days. For each replicate measurement, 5 DGRP males were housed with standardised mates and opposite-sex competitors (15 females and 10 males, giving an overall population size of 30 and 1:1 sex ratio). Fitness was estimated on the latent scale from a generalised linear mixed model, and is scaled to have a mean of zero and unit variance.",114,No,Fitness late life (M),337
790,fitness.late.life.m,-0.5610406953500788,Wong and Holman (in prep),124,Male,Adult,Life history,"Mean number of L1 larvae sired by males in competition for matings/fertilisations with same-aged competitor males over 3 days, beginning when all males were aged 14-15 days. For each replicate measurement, 5 DGRP males were housed with standardised mates and opposite-sex competitors (15 females and 10 males, giving an overall population size of 30 and 1:1 sex ratio). Fitness was estimated on the latent scale from a generalised linear mixed model, and is scaled to have a mean of zero and unit variance.",114,No,Fitness late life (M),337
796,fitness.late.life.m,-0.13971149629843213,Wong and Holman (in prep),124,Male,Adult,Life history,"Mean number of L1 larvae sired by males in competition for matings/fertilisations with same-aged competitor males over 3 days, beginning when all males were aged 14-15 days. For each replicate measurement, 5 DGRP males were housed with standardised mates and opposite-sex competitors (15 females and 10 males, giving an overall population size of 30 and 1:1 sex ratio). Fitness was estimated on the latent scale from a generalised linear mixed model, and is scaled to have a mean of zero and unit variance.",114,No,Fitness late life (M),337
801,fitness.late.life.m,-0.1890087961874708,Wong and Holman (in prep),124,Male,Adult,Life history,"Mean number of L1 larvae sired by males in competition for matings/fertilisations with same-aged competitor males over 3 days, beginning when all males were aged 14-15 days. For each replicate measurement, 5 DGRP males were housed with standardised mates and opposite-sex competitors (15 females and 10 males, giving an overall population size of 30 and 1:1 sex ratio). Fitness was estimated on the latent scale from a generalised linear mixed model, and is scaled to have a mean of zero and unit variance.",114,No,Fitness late life (M),337
802,fitness.late.life.m,0.956502981234142,Wong and Holman (in prep),124,Male,Adult,Life history,"Mean number of L1 larvae sired by males in competition for matings/fertilisations with same-aged competitor males over 3 days, beginning when all males were aged 14-15 days. For each replicate measurement, 5 DGRP males were housed with standardised mates and opposite-sex competitors (15 females and 10 males, giving an overall population size of 30 and 1:1 sex ratio). Fitness was estimated on the latent scale from a generalised linear mixed model, and is scaled to have a mean of zero and unit variance.",114,No,Fitness late life (M),337
804,fitness.late.life.m,-0.30865769591815784,Wong and Holman (in prep),124,Male,Adult,Life history,"Mean number of L1 larvae sired by males in competition for matings/fertilisations with same-aged competitor males over 3 days, beginning when all males were aged 14-15 days. For each replicate measurement, 5 DGRP males were housed with standardised mates and opposite-sex competitors (15 females and 10 males, giving an overall population size of 30 and 1:1 sex ratio). Fitness was estimated on the latent scale from a generalised linear mixed model, and is scaled to have a mean of zero and unit variance.",114,No,Fitness late life (M),337
805,fitness.late.life.m,0.9630379612194327,Wong and Holman (in prep),124,Male,Adult,Life history,"Mean number of L1 larvae sired by males in competition for matings/fertilisations with same-aged competitor males over 3 days, beginning when all males were aged 14-15 days. For each replicate measurement, 5 DGRP males were housed with standardised mates and opposite-sex competitors (15 females and 10 males, giving an overall population size of 30 and 1:1 sex ratio). Fitness was estimated on the latent scale from a generalised linear mixed model, and is scaled to have a mean of zero and unit variance.",114,No,Fitness late life (M),337
808,fitness.late.life.m,-0.08778369641531437,Wong and Holman (in prep),124,Male,Adult,Life history,"Mean number of L1 larvae sired by males in competition for matings/fertilisations with same-aged competitor males over 3 days, beginning when all males were aged 14-15 days. For each replicate measurement, 5 DGRP males were housed with standardised mates and opposite-sex competitors (15 females and 10 males, giving an overall population size of 30 and 1:1 sex ratio). Fitness was estimated on the latent scale from a generalised linear mixed model, and is scaled to have a mean of zero and unit variance.",114,No,Fitness late life (M),337
810,fitness.late.life.m,1.0625224209955073,Wong and Holman (in prep),124,Male,Adult,Life history,"Mean number of L1 larvae sired by males in competition for matings/fertilisations with same-aged competitor males over 3 days, beginning when all males were aged 14-15 days. For each replicate measurement, 5 DGRP males were housed with standardised mates and opposite-sex competitors (15 females and 10 males, giving an overall population size of 30 and 1:1 sex ratio). Fitness was estimated on the latent scale from a generalised linear mixed model, and is scaled to have a mean of zero and unit variance.",114,No,Fitness late life (M),337
820,fitness.late.life.m,-0.11657439635051052,Wong and Holman (in prep),124,Male,Adult,Life history,"Mean number of L1 larvae sired by males in competition for matings/fertilisations with same-aged competitor males over 3 days, beginning when all males were aged 14-15 days. For each replicate measurement, 5 DGRP males were housed with standardised mates and opposite-sex competitors (15 females and 10 males, giving an overall population size of 30 and 1:1 sex ratio). Fitness was estimated on the latent scale from a generalised linear mixed model, and is scaled to have a mean of zero and unit variance.",114,No,Fitness late life (M),337
821,fitness.late.life.m,-1.0451838942603402,Wong and Holman (in prep),124,Male,Adult,Life history,"Mean number of L1 larvae sired by males in competition for matings/fertilisations with same-aged competitor males over 3 days, beginning when all males were aged 14-15 days. For each replicate measurement, 5 DGRP males were housed with standardised mates and opposite-sex competitors (15 females and 10 males, giving an overall population size of 30 and 1:1 sex ratio). Fitness was estimated on the latent scale from a generalised linear mixed model, and is scaled to have a mean of zero and unit variance.",114,No,Fitness late life (M),337
832,fitness.late.life.m,-1.694593992798609,Wong and Holman (in prep),124,Male,Adult,Life history,"Mean number of L1 larvae sired by males in competition for matings/fertilisations with same-aged competitor males over 3 days, beginning when all males were aged 14-15 days. For each replicate measurement, 5 DGRP males were housed with standardised mates and opposite-sex competitors (15 females and 10 males, giving an overall population size of 30 and 1:1 sex ratio). Fitness was estimated on the latent scale from a generalised linear mixed model, and is scaled to have a mean of zero and unit variance.",114,No,Fitness late life (M),337
837,fitness.late.life.m,-1.1877115939395302,Wong and Holman (in prep),124,Male,Adult,Life history,"Mean number of L1 larvae sired by males in competition for matings/fertilisations with same-aged competitor males over 3 days, beginning when all males were aged 14-15 days. For each replicate measurement, 5 DGRP males were housed with standardised mates and opposite-sex competitors (15 females and 10 males, giving an overall population size of 30 and 1:1 sex ratio). Fitness was estimated on the latent scale from a generalised linear mixed model, and is scaled to have a mean of zero and unit variance.",114,No,Fitness late life (M),337
843,fitness.late.life.m,-0.2825509959769204,Wong and Holman (in prep),124,Male,Adult,Life history,"Mean number of L1 larvae sired by males in competition for matings/fertilisations with same-aged competitor males over 3 days, beginning when all males were aged 14-15 days. For each replicate measurement, 5 DGRP males were housed with standardised mates and opposite-sex competitors (15 females and 10 males, giving an overall population size of 30 and 1:1 sex ratio). Fitness was estimated on the latent scale from a generalised linear mixed model, and is scaled to have a mean of zero and unit variance.",114,No,Fitness late life (M),337
850,fitness.late.life.m,1.097408780916983,Wong and Holman (in prep),124,Male,Adult,Life history,"Mean number of L1 larvae sired by males in competition for matings/fertilisations with same-aged competitor males over 3 days, beginning when all males were aged 14-15 days. For each replicate measurement, 5 DGRP males were housed with standardised mates and opposite-sex competitors (15 females and 10 males, giving an overall population size of 30 and 1:1 sex ratio). Fitness was estimated on the latent scale from a generalised linear mixed model, and is scaled to have a mean of zero and unit variance.",114,No,Fitness late life (M),337
852,fitness.late.life.m,-0.5158771954517357,Wong and Holman (in prep),124,Male,Adult,Life history,"Mean number of L1 larvae sired by males in competition for matings/fertilisations with same-aged competitor males over 3 days, beginning when all males were aged 14-15 days. For each replicate measurement, 5 DGRP males were housed with standardised mates and opposite-sex competitors (15 females and 10 males, giving an overall population size of 30 and 1:1 sex ratio). Fitness was estimated on the latent scale from a generalised linear mixed model, and is scaled to have a mean of zero and unit variance.",114,No,Fitness late life (M),337
853,fitness.late.life.m,-0.0100426965902985,Wong and Holman (in prep),124,Male,Adult,Life history,"Mean number of L1 larvae sired by males in competition for matings/fertilisations with same-aged competitor males over 3 days, beginning when all males were aged 14-15 days. For each replicate measurement, 5 DGRP males were housed with standardised mates and opposite-sex competitors (15 females and 10 males, giving an overall population size of 30 and 1:1 sex ratio). Fitness was estimated on the latent scale from a generalised linear mixed model, and is scaled to have a mean of zero and unit variance.",114,No,Fitness late life (M),337
859,fitness.late.life.m,0.19850651294028632,Wong and Holman (in prep),124,Male,Adult,Life history,"Mean number of L1 larvae sired by males in competition for matings/fertilisations with same-aged competitor males over 3 days, beginning when all males were aged 14-15 days. For each replicate measurement, 5 DGRP males were housed with standardised mates and opposite-sex competitors (15 females and 10 males, giving an overall population size of 30 and 1:1 sex ratio). Fitness was estimated on the latent scale from a generalised linear mixed model, and is scaled to have a mean of zero and unit variance.",114,No,Fitness late life (M),337
879,fitness.late.life.m,-0.7542225949152533,Wong and Holman (in prep),124,Male,Adult,Life history,"Mean number of L1 larvae sired by males in competition for matings/fertilisations with same-aged competitor males over 3 days, beginning when all males were aged 14-15 days. For each replicate measurement, 5 DGRP males were housed with standardised mates and opposite-sex competitors (15 females and 10 males, giving an overall population size of 30 and 1:1 sex ratio). Fitness was estimated on the latent scale from a generalised linear mixed model, and is scaled to have a mean of zero and unit variance.",114,No,Fitness late life (M),337
882,fitness.late.life.m,-0.042941896516247,Wong and Holman (in prep),124,Male,Adult,Life history,"Mean number of L1 larvae sired by males in competition for matings/fertilisations with same-aged competitor males over 3 days, beginning when all males were aged 14-15 days. For each replicate measurement, 5 DGRP males were housed with standardised mates and opposite-sex competitors (15 females and 10 males, giving an overall population size of 30 and 1:1 sex ratio). Fitness was estimated on the latent scale from a generalised linear mixed model, and is scaled to have a mean of zero and unit variance.",114,No,Fitness late life (M),337
897,fitness.late.life.m,-0.35760779580797797,Wong and Holman (in prep),124,Male,Adult,Life history,"Mean number of L1 larvae sired by males in competition for matings/fertilisations with same-aged competitor males over 3 days, beginning when all males were aged 14-15 days. For each replicate measurement, 5 DGRP males were housed with standardised mates and opposite-sex competitors (15 females and 10 males, giving an overall population size of 30 and 1:1 sex ratio). Fitness was estimated on the latent scale from a generalised linear mixed model, and is scaled to have a mean of zero and unit variance.",114,No,Fitness late life (M),337
900,fitness.late.life.m,1.3758820202901785,Wong and Holman (in prep),124,Male,Adult,Life history,"Mean number of L1 larvae sired by males in competition for matings/fertilisations with same-aged competitor males over 3 days, beginning when all males were aged 14-15 days. For each replicate measurement, 5 DGRP males were housed with standardised mates and opposite-sex competitors (15 females and 10 males, giving an overall population size of 30 and 1:1 sex ratio). Fitness was estimated on the latent scale from a generalised linear mixed model, and is scaled to have a mean of zero and unit variance.",114,No,Fitness late life (M),337
907,fitness.late.life.m,-0.24266619606669548,Wong and Holman (in prep),124,Male,Adult,Life history,"Mean number of L1 larvae sired by males in competition for matings/fertilisations with same-aged competitor males over 3 days, beginning when all males were aged 14-15 days. For each replicate measurement, 5 DGRP males were housed with standardised mates and opposite-sex competitors (15 females and 10 males, giving an overall population size of 30 and 1:1 sex ratio). Fitness was estimated on the latent scale from a generalised linear mixed model, and is scaled to have a mean of zero and unit variance.",114,No,Fitness late life (M),337
908,fitness.late.life.m,0.00408728337789688,Wong and Holman (in prep),124,Male,Adult,Life history,"Mean number of L1 larvae sired by males in competition for matings/fertilisations with same-aged competitor males over 3 days, beginning when all males were aged 14-15 days. For each replicate measurement, 5 DGRP males were housed with standardised mates and opposite-sex competitors (15 females and 10 males, giving an overall population size of 30 and 1:1 sex ratio). Fitness was estimated on the latent scale from a generalised linear mixed model, and is scaled to have a mean of zero and unit variance.",114,No,Fitness late life (M),337
911,fitness.late.life.m,0.6103214120133484,Wong and Holman (in prep),124,Male,Adult,Life history,"Mean number of L1 larvae sired by males in competition for matings/fertilisations with same-aged competitor males over 3 days, beginning when all males were aged 14-15 days. For each replicate measurement, 5 DGRP males were housed with standardised mates and opposite-sex competitors (15 females and 10 males, giving an overall population size of 30 and 1:1 sex ratio). Fitness was estimated on the latent scale from a generalised linear mixed model, and is scaled to have a mean of zero and unit variance.",114,No,Fitness late life (M),337
913,fitness.late.life.m,1.275400740516348,Wong and Holman (in prep),124,Male,Adult,Life history,"Mean number of L1 larvae sired by males in competition for matings/fertilisations with same-aged competitor males over 3 days, beginning when all males were aged 14-15 days. For each replicate measurement, 5 DGRP males were housed with standardised mates and opposite-sex competitors (15 females and 10 males, giving an overall population size of 30 and 1:1 sex ratio). Fitness was estimated on the latent scale from a generalised linear mixed model, and is scaled to have a mean of zero and unit variance.",114,No,Fitness late life (M),337
